text,label
芙蓉姐姐：一个阿内尔卡不足以解决目前中国足球的现状，即使请来梅西、罗也没用。恒大已经是个模板了，一路轻松夺冠，国足水平还是老样子，解决问题要从根部做起,sports
【总统亲自颁发彩票大奖】斯里兰卡自20世纪70年代开始发行彩票，迄今有超过40年的历史。斯里兰卡国家彩票管理机构为经过议会批准的国家彩票委员会，现在斯里兰卡有两大彩票发行机构，分别是：斯里兰卡国家彩票和斯里兰卡发展彩票。斯里兰卡彩票还有一个最大的特点，就是大奖均由斯里兰卡总统亲自颁发。				$LOTOzf$,sports
转发微博国家博物馆：与文物谈话商人嗜酒误国《尚书酒诰》为周公旦所作，用以告诫被分封在商故地朝歌的康叔封，不可学商纣因淫乐于酒而导致亡国。上古重器大盂鼎为西周早期器形，内壁铸铭文19行291字，其中一段正与《酒诰》所言相合，透露出周人对商人嗜酒误国这一前车之鉴的警示。详情：:7转发(57)评论(14)今天08:50来自享拍微博通,literature
 可惜了，fifa2是款不错的游戏，当然我们的范特西足球经理官方 也是。  || 温顺善良猪: 有的哦，亲||干冰: 现在还有小龙虾吗？  || 中原霸刀: 育碧的全民足球呀~干冰，有空对战一局，输了请吃龙虾~（你老婆愿意放你出来跟我们玩的话）$LOTOzf$      干冰:九城《FIFA Online 2》今天正式关服，可惜了，现在好像没有什么足球网游可以玩了。http:url.cn/3KASLN,sports
 $LOTOzf$冷笑话精选:最近有点烦。。。有同感的童鞋请自觉转发！！！,literature
2011体坛风云人物最佳教练奖候选人:常静春中国射击队教练带领朱启南在2011年步手枪射击世界杯总决赛上获得男子10米气步枪冠军,sports
上海高尚化妆品设计策划，招募平面设计高手，助理，学徒$LOTOzf$,woman
2011世界羽联总决赛　　今晚２０时　林丹ＰＫ陶菲克　：胜负不能左右更不能猜测，期待能尽情享受一场视觉盛宴就好……$LOTOzf$,sports
一切皆有可能黄健翔：一觉醒来，曼联曼城欧冠都出局了，里昂居然绝地大反击大比分赢球出线了，皇马小组赛6战全胜创了纪录了这世界，没有什么不可以。转发(1566)评论(507)12月8日10:43来自新浪微博标签：,sports
译林出版社:《丝之屋》销售喜人凤凰王竞福尔摩斯小说馆凤凰：《丝之屋》11月11号上市，销售了半个多月，即进入开卷全国虚构类畅销书榜第11名，真是大快人心之事译林出版社高晓丽译78我们辛苦啦原文转发原文评论$LOTOzf$,literature
韩国人太没素质了，一场球赖了个界内界外，太夸张了，这样赢了还光彩吗？以后谁还愿意来韩国比赛，请大家帮忙转发一下标签：,sports
转发微博。蒋燕皎：韩国人太没素质了，一场球赖了个界内界外，太夸张了，这样赢了还光彩吗？以后谁还愿意来韩国比赛，请大家帮忙转发一下转发(479)评论(110)12月11日14:01来自客户端,sports
重要预告：今晚18:20现场直播：世界俱乐部杯（柏太阳神桑托斯）明晚同一时间12月15日18:20直播世界俱乐部杯（阿尔萨德巴塞罗那）敬请关注标签：$LOTOzf$,sports
什么原理？:我想团也可是我没有支付宝:长得好搞笑：应买家的要求团购升级版铂金电子滚轮瘦脸瘦身器1507日本售价24900日币我们的团购价1390包邮这款美容仪是日本乐天销量连续几年都排名第一的基本名星等都是使用这款美容仪是一款实现了紧致提升肌肤的美容滚轮刚才价格上错了是1390哈转发(24)评论(32)今天15:19来自新浪微博,woman
上品网12月12今日团购仅售499元菲奥娜，这个妩媚可爱的猫咪形象，进入中国市场以来，备受女孩子们的青睐菲奥娜水漾霜集美白、防晒、修饰、隔离、保湿补水5大功效于一身打造钻石般剔透肌肤:5,woman
专业美容顾问温馨提示减肥8个小窍门多喝水，不喝高热量饮料；多吃鱼和鸡肉，少吃猪肉和牛肉；中餐过后可以尝试下逛街采购；别忘了收腹挺胸；别在冰箱里塞高热量零食；晚餐后站一会；尽量让自己忙着；休息日多运动。一起来学习更多减肥方法，快速打造好身材吧,woman
优家画报3周年明星齐贺大家有没有在杂志里看到明星们对优家小朋友三岁的祝语啊？有没有认出明星们的签名呢？现在视频版的来咯:56（分享自优酷网）,literature
派对女王，你最爱那种？【迷离范儿的大烟熏 or 妩媚范儿的大红唇？】http:t.cn/Sc26GS				$LOTOzf$,woman
祝福，一路走好新浪体育：生命永远在体育之上上官鹏飞，他是一个拳痴，在他23岁时零7天时，倒在了擂台上。一记飞向后脑勺的重拳，将他本应彩色的人生画卷定格成黑白。他死在自己喜欢的事业上，用最后一滴血捍卫了信仰，但生命永远凌驾于体育之上:9转发(802)评论(239)12月13日10:20来自新浪微博标签：$LOTOzf$,sports
中国足球这十年，在短暂的辉煌后被打回原形，再一步步走向深渊，和A股07年以来的走势真是异曲同工$LOTOzf$,sports
 此君进入NBA时已年过三旬，由于受苏联传统农场式训练方式，双膝都有严重伤病，NBA生涯开始时已基本丧失弹跳能力$LOTOzf$      NBA:NBA巨星我们今天要为大家介绍一下来自立陶宛的中锋——阿维达斯-萨博尼斯，号称FIBA史上第一中锋，他也是姚明唯一亲口承认的偶像。,sports
刘建华出版三部新书由我主编闻他离世以示怀念《别》作者：张俊以地上所有花朵都退避到夜空上就不再忍受人间的冷漠欺骗地上所有水都退缩到云朵上就不再承受人间狂风吹打冷嘲热讽落叶躺在地上风把落叶吹走了我和你躺在草地上昏昏欲睡等着风会把我们吹到天上到了天上就会见到失散离去的亲人标签：$LOTOzf$,literature
回复 bingor-:明天没有，但是星期三早上11：30会直播洛杉矶湖人vs洛杉矶快艇！希望大家可以支持一下！ bingor-:明天早上热火对魔术 有直播嘛？ 广州电视竞赛频道篮球特区:转发微博。$LOTOzf$  新浪NBA：『湖人再签人顶替奥多姆』墨菲已经同湖人达成了一份1年的合同。 作为一名擅长投射的内线，墨菲上个赛季的表现几乎让人遗忘了他的存在。在新泽西篮网和波士顿凯尔特人之间辗转，仅出场35次，场均只有13.1分钟的上场时间，仅有3.1分和3.2个篮板的表现。墨菲真能恢复往日的雄风吗? http:t.cn/Scgh6N    转发(83)|评论(46)12月18日 09:52 来自新浪微博            ,sports
美兰湖上海名人赛 关注下吧，我比较喜欢McIlroy，这小子专注打球的冲劲无与伦比，经过美国名人赛的失落之后，刹那间成熟了，尤其是在美国公开赛上的表现，希望这次美兰湖也是这小子拿冠军。$LOTOzf$,sports
自体脂肪隆胸又被称为“绿色丰胸术”，在20世纪80年代开始就已经在美国盛行。如今自体脂肪隆胸技术已相当成熟，手术安全性也很高。,woman
苦瓜减肥据研究发现，苦瓜里含有的苦瓜素，能使人体减少对脂肪和多糖的摄取。每天服用1毫克该成分，可阻止吸收100克左右的脂肪。苦瓜要生吃才能收到瘦身减肥的效果，而且一天要生吃2到3条才可以。脾虚胃寒者不应生吃苦瓜。孕妇也应慎食。$LOTOzf$,woman
湖人获魔兽将压倒热火 皇帝冠军梦或推迟三年  http:url.cn/0tShPc  (分享自 腾讯体育 )$LOTOzf$,sports
《小说选刊》是由中国作家协会主管的一份权威文学选本，创办于1980年，由茅盾先生倡导创刊并题写刊名。《小说选刊》从全国120余种公开出版发行的文学刊物和40余种重要报纸中选稿。所选作品代表了当下中国小说创作的最高成就和最新成果，全面反映了中国小说创作的面貌。现任主编杜卫东。标签：$LOTOzf$,literature
"足球比赛我看得多啦，我懂得有关足 球的一切知识。” “是吗？那你告诉 我，足球网有多少窟窿眼儿 ""$LOTOzf$",sports
http:url.cn/2WdKuz 年度最佳连载漫画的投票今天是最后一天了哦！现在朱斌 的《爆笑校园》和夏达 的《子不语》名列前二哦！还有大家喜欢的《乌龙院》、《兔子帮》也在榜单里哦！快抓紧最后时间为喜欢的作品投票吧~$LOTOzf$,literature
怀孕32周（含）至36周的孕妇旅客乘机，须咨询所要乘坐的航空公司，在航空公司同意的情况下，还需提供县市级以上医院开具的适宜乘机的诊断说明书。诊断说明书须在离乘机时间72小时以内开具有检查医院的盖章和医生签字，有“××日前适宜乘机”字样方为有效。 怀孕超过36周的孕妇旅客不宜乘机。				$LOTOzf$,woman
巴里亚正式加盟森林狼http:url.cn/3YOyZb$LOTOzf$,sports
如果说想要脸变白，你可以选择黑脸娃娃或者果酸换肤等等，但是想要全身变色，你得学会沐浴。将精油、粗盐、生姜、菊花、樱花、菖蒲、无花果等其中的一种放到准备好的木桶里，泡上10—15分钟左右，精油成分和各种维生素以及矿物质会在肌肤表面形成薄薄的涂层，发挥美肤和浴后保温的功效哦。				$LOTOzf$,woman
甘肃幼儿园校车车祸11月16日9时40分许，甘肃省庆阳市正宁县榆林子镇发生一起交通事故，该镇幼儿园接送校车被撞。事故已造成18名幼儿、一名司机及一名陪护教师死亡，经过核实，发生事故的校车核载9人，实载64人！——我想说，不会保护孩子的民族，没有未来！$LOTOzf$,campus
五套本周预计直播：周六03：30拜仁科隆周日01：30沙尔克04不来梅03：34米兰锡耶纳22：00尤文诺瓦拉周一凌晨拉齐奥乌迪内或者西甲，具体请以五套节目预告为准风云足球：风云足球本周末直播预告：16日18：4520112012赛季欧冠16强抽强仪式17日17：30五人制甲级联赛第10轮浙江黄龙三大湖大武汉地龙22：30弗赖堡多特蒙德18日05：00塞维利亚皇家马德里22：30凯泽斯劳滕汉诺威9619日00：30门兴格拉德巴赫美因茨转发(102)评论(7)12月14日19:32来自新浪微博标签：$LOTOzf$,sports
看了蔡振华的采访，这个在国球上取得巨大成功的人对足球的认识还是挺清醒的，“责任在足协”，也真的打算开始从孩子抓起了。只是不知道他这种理想化的理念能否得到执行，是否会得罪利益相关方呢？$LOTOzf$,sports
春天里不能少了一条上等丝巾，如果预算允许的话建议职场OL投资一条大牌丝巾，显示着女性的品味，完美设计的丝巾怎么系都好看！ 横条纹的T恤衫搭配裸色斗篷风衣，下身搭配黑色紧身裤，职场的强势主管也可以很时尚！$LOTOzf$,woman
中国亚太职业对抗赛开幕式中国队登场亚太队登场，哪个队更有气势标签：$LOTOzf$,sports
10元3件！20元1件！单件劲省41元！满88元还包邮，色彩地带特价区11月9日隆重开区，超乎想象的超低折扣，用最少的钱，变最美的妆！$LOTOzf$,woman
超音波美肤法: 音波振动的速度超过二万赫兹称为超音波，利用每秒一百万次的高速振动有按摩肌肤作用，使用10分钟即可不宜过久，有助保养品确实渗透，并提升肤温促进循环。步骤:1.洗净脸部2.护肤品涂于脸部与探头3.仪器贴于肌肤缓缓画圈移动4.以乳状、凝冻质地最适合5.使用后可敷面膜镇静疏缓6.一周2~3次$LOTOzf$,woman
2011中超充满了太多的不同，包括恒大异军崛起、传统豪强集体低迷、黑马横空出世。几家欢喜几家愁向来是不变的法则：有积极向上的，也有内乱不止的。有富得流油的，也有穷得叮当响的。无论如何，中超经历了重新洗牌之后，将会以全新的面貌迎接明天。今晚19:00，《足球非常道》与您一起梳理2011中超。        $LOTOzf$,sports
"【六个秘方让你肌肤白皙水灵】1、牛奶洗面，对付脸色暗沉；2、周六周日不化妆；3、面霜加维生素E,，可以对抗皱纹滋生；4、保湿面膜上妆前必备，以便应付皮肤干燥；5、萝卜汁有妙用，可对付突然出现的暗疮；6、柠檬片敷眼，让眼袋远离。美容$LOTOzf$",woman
散打名将上官鹏飞比赛受伤后离世，商业散打比赛管理遭质疑。42详情：:标签：$LOTOzf$,sports
接下来是12月12日《篮球先锋报》的封面故事迈阿密，风云再起。上赛季热火三巨头已经杀进了总决赛，而本赛季，他们的目标除了冠军就还是冠军。新赛季热火将有怎样的表现，我们拭目以待。标签：$LOTOzf$,sports
青年文摘播周刊《青年文摘播》周刊第140期试听《弗拉明戈：流浪者的舞蹈》:这性感的后背，婀娜的身姿，弗拉明戈的舞步，如同西班牙人血肉与灵魂的交织。这一夜，举起酒杯畅饮，销魂就在此刻曼妙的舞步中标签：,literature
来选双恋恋靴子脚暖身就暖了。达芙妮：达芙妮冬季新品上市，达芙妮温暖恋靴季哪款鞋子最能打动你的心？哪款鞋子最适合你？选择你心动的款式快与我们一起分享把，现在来参加达芙妮温暖恋靴季活动，把温暖带回家。原文转发原文评论$LOTOzf$,woman
除皱施尔美杨主任介绍：电波拉皮适合30岁以上，出现皮肤皱纹、毛孔粗大、皮肤松弛的人群。主要适合身体下列部位：面部皮肤收紧提升眼部提升祛皱颈部皮肤收紧改善松弛下垂鼻沟纹前额紧致祛皱胸部提升收紧背部收紧塑型腰腹收紧塑形塑造臀型、腿型和手部嫩肤等。:,woman
童鞋们问的门兴多特的比赛，是因为德国人没有给这场的信号，所以风云足球：本周末风云足球直播预告：12月4日22：00尤文切塞纳5日00：30沙尔克04奥格斯堡（本周大多数联赛均在五套直播：3日03：45的热那亚米兰、22：30拜仁不来梅4日01：30斯图加特科隆03：00巴萨莱万特本场比赛在德甲结束后延播5日03：00马洛卡毕尔巴鄂，请以五套预告为准）转发(157)评论(46)12月2日11:16来自新浪微博标签：$LOTOzf$,sports
介读所昨晚在清华听叶先生讲“我心中的诗词家国”，享受在中国诗词之美中。叶先生著作很多，这里分享一些叶嘉莹书单：《唐宋词十七讲》《迦陵论诗丛稿》《迦陵论词丛稿》《迦陵说诗》系列《唐宋词名家论稿》《风景旧曾谙》《多面折射的光影》《迷人的诗谜》《南宋名家词讲录》《唐宋词十七讲》标签：$LOTOzf$,literature
山西晚报，报好人好，真正的山西第一市场化报，推荐晋中人订阅，请联系你身边的送报人员，或简单点，就打发行站范站长的号3200500，当然你也可顺腿时去菜园西街一巷（利虎面馆后）交钱订报，保证上门热情周到服务，保证一年不短你一张报,literature
第25届全国高中生化学竞赛决赛落下帷幕，学而思学员赵宇晨同学斩获决赛金牌。至此，学而思学员囊括了全国高中数学、物理、化学奥林匹克竞赛金牌，取得了“大满贯”:恭喜获奖的选手们也祝愿将要参加各类竞赛的同学们取得更好的成绩标签：$LOTOzf$,campus
《考试周刊》2011年82期目录已发布，请各位老师查看：:50标签：,literature
拉手网女性时尚频道：今日推荐丁家宜的产品要不要总这么给力哦每次都是大套装，配上35个重量级产品，总共花费才不到100元可以用半年哦这次又是主打的丁家宜水能赋活尊享礼盒，76元还包邮太爽了最爱丁家宜产品详情:91原文转发原文评论$LOTOzf$,woman
 ||全球奇闻趣事: 分享给爱美的MM 【敷面膜小技巧】1．洗完澡后敷面效果最好；2．敷面前先用精华液打底；3．鼻梁为中心周围要服帖；4．盖上毛巾加温效果会更好；5．拿下面膜纸后要按摩；6．敷面后涂上乳液锁住水分和养分；7．敷完脸后敷脖子；8．袋里的精华液别浪费用来擦拭手脚肌肤，全身一起作保养咯。$LOTOzf$      美容护肤学堂:经常敷面膜的姐妹应该都知道，美丽日记是出了名的大众面膜，口碑也是很好的，美丽日记的款式比较多，有保湿、美白、修复等等，基本可以满足日常护肤需要，所以要说再给大家推荐面膜的话，美丽日记是最值得推荐的啦 >>http:url.cn/02QYaT,woman
转发微博阿童木童先生：福州聚划算，赶紧来团购啦免费配送仅83元抢购原价120元的杂志铺半年刊（2012年38月刊）套餐：《男人装》《经理人》《时尚:转发(2)评论12月14日09:50来自淘宝网标签：$LOTOzf$,literature
 || 腾讯薇薇: 热烈欢迎，国际足球巨星、世界足球先生 C罗入驻腾讯微博$LOTOzf$      C罗:Hello QQ users! I've opened this account to be closer to my chinese fans and happy to share exclusive contents with you. Stay tuned! [译],sports
 || 腾讯薇薇: 热烈欢迎，国际足球巨星、世界足球先生 C罗入驻腾讯微博$LOTOzf$C罗:Hello QQ users! I've opened this account to be closer to my chinese fans and happy to share exclusive contents with you. Stay tuned! [译],sports
【10本最有价值的职场书】1《天下没有怀才不遇这回事》2《蔡康永的说话之道》3《拆掉思维里的墙》4《金领手记》5《张亚勤：让智慧起舞》6《真实的幸福》7《有些事现在不做，一辈子都不会做了》8《气场》 9《将才》10《机会只爱有准备的大脑》。$LOTOzf$,literature
 国内服饰零售也有类似案例在试点中$LOTOzf$      刘爽:IBM的朋友提到线下零售连锁企业的O2O：网站共享所有门店库存，统一分配线上订单给离消费者最近的门店进行配送/自提。其实美国不少传统零售巨头早就实现了，里面是三个问题：1.系统打通（统一管理门店库粗）；2.统筹管理（分配订单给门店）；3.利益分配（和门店结算分成）。在中国这可是三座大山啊。,woman
" 我投票给 “伊涅斯塔” || barcazhibo: 巴塞罗那足球俱乐部 球迷，快来选出你心目中的本场最佳球员！$LOTOzf$      巴塞罗那足球俱乐部:在伯纳乌的一场伟大的胜利！和大家在腾讯微博分享这一快乐的时刻！ ""投票选出你心中的今晚最佳球员！"".  http:url.cn/02lohs                收起投票选出你心中的今晚最佳球员！",sports
提醒准妈：别把围巾当口罩不要用围巾把嘴、鼻子裹太严。围巾长期围在脸上，嘴巴会处于潮湿状态，致病微生物、细菌和尘埃等就会在上面繁衍生息，被孕妇吸进呼吸道会对身体造成危害。尤其是羊毛、兔毛以及化纤围巾，细小纤维吸入人体，会产生过敏反应，严重会引起过敏性鼻炎、肺炎、支气管哮喘。,woman
美容知道吗？不同类型的香氛，使用方法也有区别：1、香精浓度最高，只需要一“点”就能发挥持久的效果；2、香水是以“线”的方式直接喷出香雾；3、古龙水要达到“面”，在23个部位喷洒；4、体温会带动香气的萦绕，所以喷在下半身比上半身更理想，喷在裙摆，走动时摇曳生香。（12月《美容宝典》）$LOTOzf$,woman
英超-热刺1-1切尔西 阿德破门妖锋争议球扳平  http:url.cn/3psasy  (分享自 腾讯体育 )$LOTOzf$,sports
恭祝《装修情报》新浪微博认证成功。今后，我们依然会坚持以读者的视觉看问题，带来更多，更新，更专业的家装信息来与大家分享。标签：$LOTOzf$,literature
 小时候受到父亲的影响，慢慢自己也喜欢上羽毛球。$LOTOzf$侃体育:我问傅海峰峰哥，你最初是怎么开始羽毛球之路的？？,sports
3000个人本《万寿无疆》预购开始，预购时间11年11月20日——11年12月15日，发货时间为12月25日圣诞节！网络预购地址：http:url.cn/3AZTv9   ==~~~~~网络预购有特制书签和签名！海报将赠送三千个人花降楼海报！天水三千$LOTOzf$,literature
“花田聊聊”第四期活动开始！ 本次命题：“年兽” 活动细则： http:url.cn/24IqrN  这次的优秀作品会刊登在《花田志》上面哦，上次有很遗憾没有得到三位老师点评的朋友，这次不要错过！ 请大家踊跃参与~谢谢对“花田聊聊”的支持和关注$LOTOzf$,literature
多一度热爱 多点燃一个梦想热爱在广东点燃我不是高手，我只是爱灌篮。多一度热爱，从篮球开始$LOTOzf$,sports
【欧联杯 比利亚雷亚尔2-0索非亚列夫斯基 成功晋级】http:url.cn/3zeXt                收起欧联杯 比利亚雷亚尔2-0索非亚列夫斯基 成...$LOTOzf$,sports
扬州生活网亲子乐园改版之际为年轻的妈妈们提供“魅力变身”舞台，打造属于自己的时尚辣妈形象，创造最适合自己的变身奇迹，重拾自信！ 【辣妈SHOW】每周推出一位辣妈，每天推出一张照片，等你来参加，等你来改变！http:url.cn/3QeZsM$LOTOzf$,woman
自强之星我已报名参加由团中央和全国学联主办、中国青年报社承办、新东方教育科技集团协办的2011年度寻访“中国大学生自强之星”活动。请各位好友转发本条微博支持我。$LOTOzf$,campus
上海交大新生杯篮球赛上，经管学院男子篮球队凭借2011级新生姚明同学的神勇发挥以场均净胜对手85.5分的巨大优势轻松夺冠。姚明同学也以场均82.5分、45.6次封盖的表现获得赛事MP。$LOTOzf$,sports
麦蒂正式底薪签约老鹰 联手鹰王挑战首轮魔咒  http:url.cn/2QKTfK  (分享自 腾讯体育 )$LOTOzf$,sports
【进球视频：朴智星突破赢点球 潇洒哥罚进戴帽】CC英超 国际足球  http:url.cn/0xrsz                收起进球视频：朴智星突破赢点球 潇洒哥罚进戴...$LOTOzf$,sports
打造休闲酷炫风黑色帅气十足，别致的大翻领增加设计感，配上的黑色腰带同时体现女性腰线，减少羽绒服的膨胀感，显得职场女性更加干练。此时再搭配上一条个性色彩强烈的豹纹围巾和质感华丽的手提包来提升整体造型的色彩度。:5$LOTOzf$,woman
万生，一个饱含评判激情的主持人；林乐丰，一位胸怀宽广、大连足球的老臣。十二年间，这两位足球圈内人人生轨迹却一直没有交集。今晚19:00，《足球非常道》两位敞开心扉，联手上演对手大戏，值得期待。DLT陈晶        $LOTOzf$,sports
2011五冠王！4年夺13冠！世界足球向巴萨拜服  http:url.cn/1TWGC9  (分享自 腾讯体育 )$LOTOzf$,sports
【新书预售】王小洋 作品《将》单行本3-4卷已上架预售！敌我双方战况激烈，甚至出现了人员伤亡！精彩不容喘息！本次所有参与预售订单除选快递减免3元优惠外还将抽10名获得作者签名！预售地址：http:url.cn/38xgPs$LOTOzf$,literature
贝克汉姆获MLS年度最佳复出球员 回归刷新2大纪录 http:url.cn/28KLRX   从未离开$LOTOzf$,sports
秋瑾女烈士是我极之敬佩的女人！百多年前，秋瑾贵为富夜儿媳，丈夫疼爱，儿女可爱，秋女士为了人民福祗，牺牲个人小爱，投身革命大爱，矢志推翻极端腐败清廷，壮烈成仁的火花，燃烧起全国各地的革命火焰，最终推翻帝制，还我民主自由！可歌可泣！可敬可叹！！$LOTOzf$,woman
组图：卡塔尔1打5被判告负 疯狂犯规仅得4分  http:url.cn/2AAA23   这个难道就是传说中的黑暗技巧！$LOTOzf$,sports
注射除皱是通过在面部注射填充修复皱纹，从而达到除皱的效果，现在注射除皱的材料有很多种，目前常用的注射除皱材料有伊维兰、玻尿酸、胶原蛋白、自体脂肪、botox等，都具有立竿见影的效果，这个也是近来很多人选择注射除皱的原因。欢迎登陆安徽韩美整形医院官方网站进行咨询。互听大队整形美容$LOTOzf$,woman
回复高松婴:体育竞赛更应该公平，为什么网球可以引入鹰眼，许多项目可以引入电视回放，为什么足球就墨守成规？一定要说错判是足球的一部分？难道一个人身上长了个瘤子，不应该做手术去掉，反而说这个瘤子是这个人的一部分吗？ 高松婴:过了！运动项目的竞技场，不应承受如此之重！倒是可以反过来说—$LOTOzf$  体育媒体人老张：承受裁判的误、错判，是一支足球队的本分，黑哨不能成为输球的理由，更不能成为输球的唯一理由。转发(20)|评论(16)6月24日 10:12 来自新浪微博            ,sports
减肥美体减大腿内侧的赘肉做下蹲运动。站坐，两脚离开取肩同宽，脚尖向外，数1234缓慢下蹲，蹲到跟地板诚平言。数5678再迟缓站起。下蹲时脚跟不要抬起，必定要降在地板上，而且动息要慢。每组做15个，天天做34组。坚持就拥有小细腿标签：$LOTOzf$,woman
美丽风情365冬天天气干燥，女孩子的唇部可要注意保护好了，水润性感的唇部对男性可是有很大的吸引力哦。近期发现兰蔻新上市的果冻亮唇蜜不错，于是狠心败了一把。涂上去以后，具有一股甜甜的充满浓郁的果糖香气，而且有种水润润的感觉在这里，第一时间和大家分享哦$LOTOzf$,woman
 他有点太高了，还是适合打篮球$LOTOzf$葛萌萌:我问刘诗雯上次看到你和NBA的德里克-罗斯 打乒乓，觉得罗斯有打乒乓的天赋吗 ,sports
20112012赛季圣诞大战（广州电视竞赛频道转播计划）：12月26日凌晨3：30（卫星直播）迈亚密热火达拉斯牛仔12月26日凌晨6：00（卫星直播）芝加哥公牛洛杉矶湖人吴炜刚、丁伟杰、翁金骅蔡芳裕为你送上粤语评述标签：$LOTOzf$,sports
最美的女人:红枣对女性的7大好处有补脾、养血、安神作用；驻颜祛斑、健美丰肌；注意湿痰及积滞者不宜多食。补血调经，活血止痛，润肠通便；润肺健脾、止咳、补五脏、疗虚损；令人容颜白嫩、皮肤细滑、皱纹减少；保健防病；使皮肤滋润嫩滑、光洁白净。,woman
【最好的运动】①最好减肥运动：游泳，消耗能量大，消除赘肉；②最好健脑运动：弹跳，加强血液循环，供给氧气；③最好防近视运动：乒乓球，使眼睛疲劳消除，改善视力；④最好抗衰老运动：跑步，促进新陈代谢；⑤最好健美运动：体操，加强平衡协调；⑥最好抗高血压运动：散步。				$LOTOzf$,sports
德甲拜仁 【拜仁铁板凳力压舍甫琴科 竟成乌克兰史上最佳】  http:url.cn/2tezHa   C拜仁微博群(*77923798) 国际足球$LOTOzf$,sports
蛋疼的淘宝？$LOTOzf$,woman
转发微博创业家杂志：如果你没有时间看50万字的《乔布斯传》，那么这部40分钟的纪录片或许是个不错的选择，史蒂夫乔布斯的创造力、历史上的成就浓缩在这部影片里，值得收藏。:全球时尚转发(1216)评论(137)12月12日10:17来自新浪微博标签：$LOTOzf$,literature
刚刚看完Walter Isaacson写的乔布斯传记。我觉得这本书里没有涉及的内容也很有意义。书里没有任何关于乔布斯和政府拉项目的事，没有任何乔布斯接待官员的事，没有任何政府官员向乔布斯索取的事。要了解乔布斯的成功，书里提到事和没有提到的事都很重要。        $LOTOzf$,literature
为嘛要开眼角？开眼角手术是使内侧眼皮的褶缝形成与双眼皮皱褶一致的方向，术后能让眼角更好看。由于开眼角手术是一项精细的眼部塑型项目，因为开眼角手术器械精细，术后所有的切口都是与皮肤皱褶重叠。互听大队爱互听(*11670464)开眼角手术后4-5天拆线，7天后便可上妆，对工作和生活是没有影响的。$LOTOzf$,woman
唐榕 早睡早起对身体好。放假的时候多休息，多吃一些补身体的东西。女性最大魅力就是对自己的自信心，有自信的女生才最美丽。展现魅力是通过自己的努力表达，如果只有外表好看，人家会觉得好看，如果你在内心也会有一种坚持，有你自己的想法，我觉得会更好。$LOTOzf$,woman
想读《女人的历史》 ““爱、奋斗和工作——就是女人的历史。”呃，男人的历史该不是“被爱、奋斗和工作”吧” http:url.cn/00Bpv$LOTOzf$,literature
给儿子搞点小发明  $LOTOzf$,literature
东风悦达起亚在2011年的跨越式发展离不开起亚上下对于品质的孜孜以求与矢志不渝。起初韩国车刚进入中国时，不少消费者都说韩国车品质不行，如今这种声音越来越少，因为起亚通过实际行动让消费者清清楚楚的看到了起亚汽车在品质上脱胎换骨的变化，这使得企业在面对2012年时更加信心满满。标签：,literature
当时我选了太极拳豆豆妈爱生活:我记得咱们当时每周就有一天的体育课可以自己选，羽毛球、乒乓球、篮球、排球、或者操场跑圈儿去，现在更高级了啊:幸福，痛苦的体育课转为了锻炼的乐趣北京发布：北京大学附属中学自选体育课如果让您选择一种运动来锻炼身体，您是选择篮球、足球、排球还是瑜伽、健美操、地板球呢？今年秋季开学后北大附中为各年级学生增加了体育课课时。学生可以自主选择喜欢的项目进行体育锻炼。转发(70)评论(43)12月13日10:20来自新浪微博标签：$LOTOzf$,sports
 适合18-25岁女生用的香水！$LOTOzf$我们都是射手座:【适合18-25岁女生用的香水】 1.TOUS TOUCH 亲亲桃丝熊女香  2.Harajuku lovers原宿娃娃 3、Givenchy 小熊蓝宝宝 4.Davidoff Cool Water大卫杜夫冷水  5.Anna sui蝶之恋 6.Guerlain娇兰 7.Marc Jacobs Daisy小雏菊 8.Chanel Chance机遇绿色气息女香。?(做时尚女性先学会穿衣打扮，关注8090跟我学穿衣搭配,woman
号外，号外从12月12日开始，本报微博恩施晚报将每周评选出2名“最关心晚报”奖，届时我们将送出精美礼品。“关心”标准:转发本微博最多、评论最多、恩施晚报最多。恩施晚报拍客部落湖北免费午餐陈地长恩施同城会恩施新闻网硒都农民工张宝训湖北民族学院彼岸社区标签：$LOTOzf$,literature
2011年12期《人民画报》电子版阅读:625标签：$LOTOzf$,literature
 巴萨必胜，有了小法，梅西更如鱼得水了，四核爽翻翻～$LOTOzf$      巴塞罗那足球俱乐部:亚历克斯-桑切斯和法布雷加斯将迎来他们在巴萨的首次国家德比的亮相。,sports
 || 时尚美人团: 各种眼线的画法~转给想画出漂亮眼线的姐妹们吧~$LOTOzf$      女人天生爱美丽:各种眼线的画法~转给想画出漂亮眼线的姐妹们吧~想学穿衣就收听→潮女学穿衣,woman
尊敬的读者们，感谢大家三年来对《人物画报》的厚爱。但因各方面原因，本刊已正式停刊。喜欢《人物画报》的读者请多多关注意林杂志和意林集团旗下的其他刊物吧您的支持是我们每一位同仁努力工作的动力,literature
《安娜贝尔》—— 一部双性人探寻自我的成长史诗！迄今唯一一部获得加拿大所有文学大奖青睐的小说！$LOTOzf$,literature
同学聚会，回意起曾经的我们，真的很美好。我的同学，我爱你们。$LOTOzf$,campus
高思推荐书目《长腿叔叔》朱蒂从小在孤儿院里长大，年轻的她不得不负担起众多沉重的工作，而不能享受普通女孩子拥有的家庭乐趣。有一天，她的命运被传奇般地改变了，一位自称约翰史密斯的理事因为她出色的作文而将她送进了大学，她开始了完全不同的生活，她亲昵地叫这位理事“长腿叔叔”。$LOTOzf$,woman
 最近看了康永哥的大部分书，最喜欢《痛快日记》，真是有趣~  || 蔡康永: 看书、是脑子的运动，就像在操场跑步、在球场打球一样，你跑步或打球、表面看起来是不像搭车乘船那样、能把你带去别的目的地，但还是会使你变成更强的人。（谢谢深圳读书月的推荐我的书哦！）$LOTOzf$      烟灰哥:看到这个书单为学生感到一丝希望.第十二届深圳读书月优秀中学生读物1.《蔡康永的说话之道》2.《蒋勋说红楼梦》3.《大设计》4.《自由在高处》5.《世界文学史上下卷》6.《老课本新阅读》7.《时寒冰经济大棋局下我们怎么办》8.《死亡诗社》9.《学习方法的哥白尼革命》10.《古典的中国—民间人性生活读本》,literature
准妈妈身体变化，您知道多少？怀孕后大部分准妈妈的身体从头到脚都会发生翻天覆地的变化，因此，准妈妈最好选择一个孕妈妈俱乐部，在那里，您不仅可以系统地学习孕期知识，而且还可以针对个人的一些变化得到专业性的指导。:$LOTOzf$,woman
 期待足球场上的苏格拉底 || 段暄: 期待 || 王永治: 期待观看$LOTOzf$      天下足球:在他足球生涯的巅峰时期，很多80后的球迷或许无缘得见，但是对于60后、70后来说，巴西足球巨星苏格拉底的与古希腊的那位哲学家同样伟大。明天晚上19：30，＜＜天下足球＞＞将带来专题＜＜名人堂：苏格拉底＞＞，共同缅怀这位传奇巨星。,sports
夏骏:回复云里梦尖:请见红旗出版社原副社长黄苇町先生《苏共亡党20年祭》，如有兴趣，可查询《南方周末》2001年8月《南方周末》有全文发表，黄先生是著名苏共研究专家。云里梦尖:请把说话的时间点，对象，角度摆正了，再说话吧，免得让人觉得你居心叵测。夏骏：邓小平1980年总结文革时说：中国的政治体制是从苏联照搬过来的，它在苏联就不成功，更不用说在中国了。这种政治体制的“总病根”就是“权力过分集中”、“民主太少”，而“制度好可以让坏人无法任意横行，制度不好可以使好人无法充分做好事，甚至走向反面”。转发(1882)评论(541)今天00:21来自新浪微博标签：$LOTOzf$,literature
这是武大创业咖啡的以大一为主的管理团队。别小看这些年青人。最左边这小姑娘曾是湖北省跆拳道冠军。她有一创业公司，生产她的专利，“干洗判别扣”，专门测干洗店是否假干洗。已投产，淘宝网上有售。牛吧!$LOTOzf$,campus
新浪文化读书：好书需要分享，感谢大家的转发和支持新浪读书：新浪中国好书榜2011年上半年十大好书揭晓总榜依次为：马尔克斯《百年孤独》、黄仁宇《现代中国的历程》、江勇振《舍我其谁》、海斯勒《寻路中国》、贾平凹《古炉》、金雁《从东欧到新欧洲》、吴比《革命与生意》、熊培云《自由在高处》、骆以军《西夏旅馆》、科学松鼠会《冷浪漫》。欢迎转发原文转发原文评论,literature
学生“阳光体育”启动冬季长跑12月12日，第五届全国亿万学生阳光体育安徽省暨合肥市冬季长跑活动启动仪式，在合肥市第六十中学隆重举行。“让我们走出户外，走向操场，融入团队，拥抱阳光，争做新时期的阳光少年”在启动仪式上，合肥市第六十中学范巧巧作为学生代表宣誓。标签：$LOTOzf$,campus
粉嫩腮红画法在笑肌最高的地方，以打圆的方式由内往外渐渐晕开用海绵粉扑蘸取薄薄一层腮红膏，轻轻点在笑肌上方用指腹往颧骨四周轻轻的点推开来用大号的腮红刷蘸取浅粉红色的粉质腮红，以斜扫的方式，扫上腮红最后用唇刷蘸取粉色唇彩涂于嘴唇上，增加整个妆容的粉嫩感。$LOTOzf$,woman
今日课程产后瑜伽练习产后瑜伽，可以帮助松弛韧带，定期做瑜伽，可以帮助妈妈消除产后的焦虑，比如形体恢复、失眠、荷尔蒙失衡引起的情绪变化等。产后瑜伽各种特定的体式、有效的呼吸、平静的冥想，让新妈妈体型窈窕、皮肤光彩、母乳充裕、体力充沛。:$LOTOzf$,woman
魔法蜜粉水晶寶盒魔法蜜粉水晶寶盒的設計靈感源自精靈從魔法神燈逃跑的古老故事。打開閃耀著香檳金色光澤的水晶圓蓋，如絲般幼滑細緻的淡膚色蜜粉展現眼前。如天使羽毛般柔軟的粉撲，:标签：$LOTOzf$,woman
“美貌优雅，家世显赫，事业成功，婚姻幸福”这所有的辞藻都可以用在她们身上，她们似乎是完美女人的样本，她们便是我们“2011年度中国100影响力女性”详情请关注《社交商圈》2011年12月刊,literature
尊敬的读者们，感谢大家三年来对《人物画报》的厚爱。但因各方面原因，本刊已正式停刊。喜欢《人物画报》的读者请多多关注意林杂志和意林集团旗下的其他刊物吧您的支持是我们每一位同仁努力工作的动力标签：$LOTOzf$,literature
为充分发挥青年大学生在保护母亲河行动中的积极作用，推动全省高校环保社团的交流与合作，2002年，我们发起的15家高校环保社团的单位会员共同发起建立浙江大学生绿色论坛项目。现八个年头走过，我们将在下周末（10月22日）进行换届选举，邀请浙江各高校环保社团加入，具体报名方式联系QQ568024796$LOTOzf$,campus
致谢，向中国大学排行榜的参与者：网大中国大学排行榜研发组，感谢自1999年以来，中国大学排行榜的历年参与者们。以下是“2011中国大学排行榜”的参与者名单：:0。标签：$LOTOzf$,campus
简约的小女人生活！晶妍时尚生活馆http:url.cn/1hKzPN 让伤口绽放出美丽的花朵！$LOTOzf$,woman
十大多吃也不胖的减肥食品1、肠胃清道夫：木耳；2、超低热量能手：冬瓜；3、燃脂瘦身高手：口蘑；4、低卡高纤冠军：绿菜花；5、代谢多余脂肪的行家：土豆；6、零热量美食：海带；7、好莱坞明星青睐的瘦身美味：魔芋；8、吸脂专家：冻豆腐；9、最佳早餐瘦身品：香蕉；10、瘦身大餐：鱼。$LOTOzf$,woman
品书香，阅生活，欢迎加入东莞日报读书会。第一期阅读主题：《为了报仇看电影2》，作者韩松落，2012年1月7日周六14：30至16:30相约春来文化会馆（南城袁屋边大道容大大厦三楼），品茶读书看电影，还有机会获赠《为了报仇看电影2》哦免费参与，名额有限，报名从速。预约电话23126837标签：$LOTOzf$,literature
第五届法学教授羽毛球邀请赛开始了，何家弘教授主持，人民大学法学院院长韩大元院长等致辞$LOTOzf$,sports
上品网12月14今日团购0元抢购法国原装遮瑕膏03自然色，《女人我最大》推荐，风靡欧美的遮瑕产品。可完美遮盖黑眼圈和痘印，可消退眼部浮肿，含有多种维生素，遮瑕的同时保养肌肤，效果神奇每人限购一件，与其他商品合并购买可包邮，邀请好友购买无返利:$LOTOzf$,woman
中国着名知道分子、《新周刊》主笔胡赳赳最新力作用最睿智的文字品读北京，用最尖锐的思想透视人生。姚晨、陈丹青、潘石屹、丁磊、李健、李敬泽鼎力推荐。致热爱漫骂与思考的你们：本书将是你度过无聊时光的最佳读物三联韬奋书店:分享万象书坊：新书推荐《北京的味道》凤凰出版社本书是新周刊主笔胡赳赳的最新随笔集。如果说此书呈现的只是北漂的感悟，不免小看了胡赳赳；如果说此书展现的只是在北京的生活和思索，又不免小看了北京。虽然这一切都打上了独特的北京烙印，但这其实是人类共同的漂泊、通有的困惑、感悟和喜悦。原文转发原文评论$LOTOzf$,literature
分享照片这乒乓球台子摆的琳琅满目的，挺有艺术喜感！$LOTOzf$,sports
 育碧接手FIFA，EA能同意么，不过全民足球还不错哦！||墨义公主-安娜: 王枢 有这事 || 东写西读: 外面传言是全民足球收购了FIFA Online 2，这事是空穴来风呢，还是确有其事？玩家应该有知情权的 || 周宁Nancy: FIFA Online 关服，作为曾经的九$LOTOzf$      干冰:九城《FIFA Online 2》今天正式关服，可惜了，现在好像没有什么足球网游可以玩了。http:url.cn/3KASLN,sports
我们家三代没有一个懂音乐的，难道孩子注定五音不全？想让孩子学门乐器，却害怕每晚的练琴时间变成“孩子哭大人吼”的局面？钢琴、小提琴、古筝、二胡、电子琴我的宝贝到底该学哪一个？在给孩子学琴之前，爸妈们不妨先给自己补堂课，让《孩子》12期的全新专栏”学艺天地“告诉您，孩子学琴那些事。标签：$LOTOzf$,literature
2011好书推荐张爱玲的《倾城之恋》$LOTOzf$,literature
2011好书推荐韩寒的书不错哦$LOTOzf$,literature
很多朋友说十七号考英语六级，不能来首发会的现场，在这里我先谢谢大家祝大家考试顺利凤凰联动：2012年龙年春晚正在如火如荼的准备当中，“金牌主持”朱军99为全国读者送上《我的零点时刻》。本周末首发式，阵容之强大，堪称“春晚预演”。新书首发会邀请到白岩松、杨澜、于丹、冯巩、阎维文、吕继宏、谭晶、郎昆等众多嘉宾现场助阵。12月17日下午2:30，西单图书大厦，一切将拉开新的序幕。转发(234)评论(56)12月14日18:13来自新浪微博标签：$LOTOzf$,literature
【女人命好的几点特征】 1.圆脸(对人际关系及财运都有加分)；2.下巴丰满（可能会拥有两栋以上的房产）；3.臀大(代表有财运)；4.腿不能细（腿长脚瘦，奔走不停，辛苦之相也）；5.小腹有脂肪(状是一种福寿之相)。$LOTOzf$,woman
中港菁英女子高尔夫球协会八周年高尔夫球比赛花絮(22011)标签：$LOTOzf$,sports
游戏公司美国艺电（Electronic Arts，简称EA），是全球着名的互动娱乐软件公司，创建于1982年，总部位于美国加利福尼亚州红木城。着名的红色警戒系列、命令与征服系列、极品飞车系列、街头足球、街头篮球 等系列都是该公司出品的佳作。$LOTOzf$,sports
现在和陶菲克在2011澳门羽毛球格兰披治黄金大奖赛宴会$LOTOzf$,sports
大周末珠宝腕表 Black-黑，是深邃，是神秘，是高雅。它但是帷幕落下后的寂静，更是一切开始前的序幕。它是欢愉过后的沉思，它是灿烂沉淀的精粹。在它的怀抱中，此刻正盛开着世界上最难寻觅的花。关注113期《大周末Hotspot》黑色专刊珠宝腕表大片---黑最贵！王小LO				$LOTOzf$,literature
限时免费的世界足球2012今日限免通用，404。无需多说，赶紧下载吧:5标签：$LOTOzf$,sports
轻松告别大象腿9招，长腿养成秘诀勤做高抬腿运动；饭后站一会或散步，千万别吃完就坐，躺下更糟糕；洗澡时按摩一会，活络经脉；骑脚踏车去郊游；睡前压压腿，做腿部运动；多吃廋腿食物，如菠菜、苹果、西柚等；少乘电梯多走楼梯；均衡饮食，荤素搭配；坚持就是胜利。,woman
户外杂志免费看：除十余家机场售卖之外，2012年1月1日起，户外杂志进入包括北京、广州、上海、成都、天津、呼和浩特、拉萨、重庆等地的国航贵宾室，每期数千份可供免费阅读。不清楚是否可以拿走？如果可以拿走，估计我们还得追加数量。请朋友们相互转告。,literature
大家都来打羽毛球啊！111026每日猛料 俄罗斯总统梅德韦杰夫与总理普京打羽毛球 - 高清在线观看 - 腾讯视频 http:url.cn/08zlsz                收起俄罗斯总统梅德韦杰夫与总理普京打羽毛球  $LOTOzf$,sports
我发现过往最吸引我，最感动我的，并不是曾经享受过最甜蜜、最强烈的乐趣的时刻。这种短暂的心醉神迷因太过强烈刺激，都不过是生命中稀稀疏疏的点。我所怀念的幸福是种简单持久的境界，本身并无强烈刺激之处，但它持续愈久魅力愈增，最终在时间中得到一种极致的幸福。——卢梭《一个孤独的散步者的梦》$LOTOzf$,literature
【新作】天然、元气、傲娇……这些都是元素？神秘事件的背后是元素恶作剧？史上最有爱化学书来啦——从今开始萌化学！敬请期待12月15日《特别优漫》第七期《化学哪有这么萌》$LOTOzf$,literature
 其中女装产品超10亿，家居产品5亿，3C数码4.8亿，男装超4亿，母婴产品3.7亿，鞋类超过3亿，化妆品超过3亿，内衣超过2.2亿，全球购超过1.3亿，本地化生活服务8000万，淘宝外卖1万单，电影票1万张。$LOTOzf$媒介360:【淘宝双12全天交易43.8亿】据淘宝公布的数据，淘宝双12当天全天成交额达到43.8亿元。在12月12日凌晨的第一分钟内，淘宝网瞬间涌入高达270万人，在一小时之内，成交额达到4.75亿，成交278万笔。详见http:url.cn/2tvML3,woman
2013年高尔夫世界杯还会在观澜湖海口举办，但那时很多东西都会变。可能会有新的赞助商；可能会有新的赛制，引入世界积分，大牌球员会更多；观澜湖海口和兰桂坊的项目以及万豪集团旗下丽思卡尔顿与万丽管理的两家高尔夫酒店，都将在两年后完工欧米茄观澜湖世界杯你的名字届时也会换的吧标签：$LOTOzf$,sports
专业美容顾问温馨提示【保护女性健康的8个小知识】1、 尽早开始瑜伽课程；2、 每天走6000步；3 减少盐分摄入；4、 每天喝2000ml 的水；5、 吃饭时少喝水；6、 高跟鞋7cm是极限；7、 每周熬夜不超过2 次；8、 向右侧卧最健康。				$LOTOzf$,woman
好书推荐推荐姚摩《浮世欢》，以伶人夏月仙和阮莺时凄美动人的爱情故事为主线，以战乱引起的社会变动和纷繁复杂的严峻形势为背景，把人物的命途坎坷和抗争置于艺术表现的中心，对国家特定的历史时期做了真实的描绘，重现了战乱年代风云无常。传送门》:,literature
转发微博卢学周：新一期高尔夫周刊封面来喽。是不是有点与众不同？夏夏长期困高尔夫周刊转发(7)评论(17)12月12日18:23来自新浪微博标签：$LOTOzf$,literature
聚分享橄榄油对女人难以想象的化妆作用1头发:用橄榄油滋养可飘逸闪亮；2面部:与蜂蜜混合制成面膜可除细纹；3眼部:按摩眼部可消除黑眼圈和眼袋；4眉睫:润刷睫毛和眉毛使其漆黑闪亮；5唇部:涂抹唇部可使其湿润晶亮；6手部:用其挲双手可白嫩美观；7美甲:按摩指甲和趾甲可使其色泽润洁晶莹剔透。$LOTOzf$,woman
好书推荐步步惊心，寂寞后宫锁住青春。美人天下，谁能成为万凰之王？金枝欲孽，又有谁能笑到最后？云中书城宫廷荟，精彩不容错过》:,literature
回复1120布丁丹:600多到1000多不等的比较适合学生的价格，现在我们为了让大家都知道我们，做特惠活动，拍一套送一套，建议在拉个姐们享受2份“闺蜜秀”1120布丁丹:好姐妹三个想拍写真的话一般都什么价格呀？学生族创意影像:回复灰姑娘俱乐部官方微博:嗯恩谢谢裴小宾：发表了博文《》最近一直很忙，各个电视台的主持人拍摄以及大量杂志以及客户拍摄，都没有时间自己来整理片子了，今天终于有时间来整理自己的片子。摄影：创意影像裴小宾化妆：26:原文转发原文评论$LOTOzf$,woman
完美胸型的标准：女性乳房是集哺乳功能、性感功能及特有的女性美象征为一体的器官。女性乳房“美”的功能已渐被人们高度重视，乳房的健美标准包括乳房形态，乳房皮肤质地及乳头形态等多方面的因素。做为现代女性更应对自身乳房加深了解认识。懂得乳房美的重要性，及如何保护维持乳房美的形态等等。				$LOTOzf$,woman
《人生的责任（一）》 ?对凡夫而言，死亡是一场灾难， 因为它切断了生命和光明。 但对凡夫而言，死亡也有一个好处， 它结束了一个人的所有苦难。? 当我们集中焦点全力以赴完成未完之事时， 死神总是会延迟来临。 当该做已做、该完成的都已经完成，还留在世上做什么？$LOTOzf$,literature
2011好书推荐不太爱看励志一类的书，因为看看我自己，本身就是一本励志小说，还是比较喜欢看生活一类的，可以体味不同的人生。个人推荐笛安——《东霓》《西决》，正在等待《南音》$LOTOzf$,literature
弗洛伦蒂诺如此干涉穆帅引援，仔细想想也不是没有道理。有心的球迷多少都还记得切尔西和国际米兰是如何成功的，穆里尼奥是当今足坛头号战术大师，只有那些实力顶尖，作风严谨，经验丰富的老球员才能完美地执行他的战术安排，我们看到切尔西时期签下了卡... http:url.cn/0GeSK8  (分享自 腾讯体育 )$LOTOzf$,sports
介读所收到武云溥兄寄来新京报8周年出品的《新号外》，共四册，其中《闻道》《影响中国》和《写在新闻纸背面》为正式出版品，另一册《从光明顶到幸福大街》系非公开发售版，是新京报人的回忆，我也讲述了和书评周刊的情感。一页页翻来，都是熟悉的人和事，美好而感人、难忘而亲切，不舍得看完标签：$LOTOzf$,literature
职业女性如何告别“月光族”？1、别太相信促销广告；2、远离容易花钱的处境；3、给购物设置一个缓冲期；4、做好自己的“出纳”；5、强迫自己储蓄；6、计算额外收益。7、在消费时做到五勤，分别是：勤说、勤算、勤学、勤看、勤跑。$LOTOzf$,woman
芦荟确实是一种具有多项保健与美容功能的植物，它有对人体细胞组织的再生、保护作用，抗溃疡，增强内脏功能，调节生命机体正常化。芦荟中含有葡萄酸、甘糖露，少量的钙和蛋白质、维他命及矿物质。具有营养保湿、防晒、清洁、收缩毛孔、淡化色斑等美容功效。$LOTOzf$,woman
设计总监在2011上海发布秀上和香港名模林莉的谢幕，林莉身着的施华洛世奇水晶限量版婚纱闪亮全场澳利莎成都店：设计总监在2011上海发布秀上和香港名模林莉的谢幕，林莉身着的施华洛世奇水晶限量版婚纱闪亮全场原文转发原文评论,woman
我们来回顾一下上一周的《变周刊》第四期，又有哪些内容入你法眼了呢？上周主题：当遇上变形金刚:51,literature
【新品女鞋雪地靴棉靴棉鞋毛口靴子中筒靴韩版豹纹】分享了 http:url.cn/40eOZJ$LOTOzf$,woman
剖腹产分为竖切口和横切口，竖切口不仅影响美观，而且切口的疤痕牢固性最差，愈合最慢。如果进行过该种切口，你不可能再有机会尝试阴道分娩。横切口又叫美容切口。因为这种切口不在子宫收缩的部位，形成的疤痕最牢固，子宫破裂的危险最小，术后粘连也最少。这种切口同时也较小，愈合会更快些。,woman
【冬天女人吃什么最养颜】红枣；蜂蜜；玉颜膏；仙人粥(防老去皱)；龙眼&枸杞；莲子龙眼汤(补血润肤，美白养颜)；胡桃&芝麻；核桃芝麻牛奶(补脑益智滋润肌肤)；南瓜子&花生&猪皮；南乳花生猪手煲(丰胸美胸)。>>>喜欢请收听收听【美容时尚】$LOTOzf$,woman
盘点：女性最赚钱的九大职业_女人潮_引领时尚潮流女性门户网站 http:url.cn/4AyE35$LOTOzf$,woman
【送给每个女孩】1、学会低调，取舍间，必有得失。2、做自己的决定。然后准备好承担后果。3、慎言，独立，学会妥协的同时，也要坚持自己最基本的原则。4、明白付出并不一定有结果。5、过去的事情可以不忘记，但一定要放下。6、要快乐，要开朗，要坚韧，要温暖，对人要真诚。$LOTOzf$,woman
【高丝精米水凝保湿眼霜】改善肌肤水分保持能力，摆脱肌肤粗糙和干燥引起的皱纹。精密水凝保湿露超越以往保湿品的概念和范畴，不再仅仅是给与肌肤润泽，而是进化至让肌肤自身提高保湿能力继而产生润泽。http:url.cn/3JwQr$LOTOzf$,woman
如何有效去除鱼尾纹？皱纹的出现是不可避免，而最显眼的眼部却最先出现，眼部的鱼尾纹在昭示着我们年龄增长。对于皱纹较深的人来说，注射法肯相对比较好，也更加安全有效。目前较为常用的的注射材料有伊维兰、玻尿酸、胶原蛋白、自体脂肪、等。这种方法可以精确作用于需要去除鱼尾纹。$LOTOzf$,woman
亚冠对于中国足球而言，谈签位好坏没有任何意义，就看俱乐部是否真行诚意干点大事。许家印有这个雄心，恒大能整出点大动静，尽管这个组很强。足球就是一项燃烧激情和人民币的运动，不能光喊口号，得看你真金白银砸了多少钱，吹牛反正不用砸钱，所以大家都爱吹牛。$LOTOzf$,sports
【校队足球纪录电影（预告片）武汉工程大学邮电与信息工程（一球成名））】岳哥碉堡了···· http:url.cn/4MRJ3m                收起校队足球纪录电影（预告片）武汉工程大学邮...$LOTOzf$,sports
现在在厦门打球，需要有创意的东东越来越多了。看这哥们，戴口罩打厦门凯歌场。标签：$LOTOzf$,sports
最近喜欢看的杂志，昕薇的服饰版，时尚cosmo的美容版和OGUE的美容版。$LOTOzf$,literature
团购了纤典美容美体( http:url.cn/1gF2Us  )，并发表点评：以这个价位而言，真的很实惠。按摩得很舒服滴$LOTOzf$,woman
组图：黑寡妇斗艳潘晓婷 深装惹幼童好奇  http:url.cn/2BZY8T  (分享自 腾讯体育 )$LOTOzf$,sports
"400多年前,荷兰人造西班牙人的反,是反封建殖民,是要独立，是第一场胜利了的资本主义革命。马克思称其是英国资产阶级革命的“原型”。如今荷兰vs西班牙,莱因克尔称其为：完全足球vs完全足球。$LOTOzf$",sports
转转转，奖奖奖，我参加了POTONO个性化女包免费送活动，POTONO 箱包官方推出个性化定制服务，只要转发，就有机会赢得价值899元和价值1188元的定制套餐，整个活动送出10个免费名额，赶快行动哟http:url.cn/1l3uZj$LOTOzf$,woman
【朴智星期望曼联继续给力】在5-0大胜维冈竞技之后，为曼联首开纪录的朴智星并没有沾沾自得，而是冷静地表示曼联要继续拿出这样的表现，也只有这样才能超过曼城取得最终的胜利。cc英超 国际足球$LOTOzf$,sports
转发微博。张维麟：都市时报第一届粉丝节，都市时报吉祥物征集活动开始，稿件请投邮箱：163，截止日期：2012年1月10日，吉祥物一经选用，稿费从优有设计天赋的兄弟们，快来吧求扩散廖小静周智琛刘春田画画都市时报转发(7)评论(1)12月14日14:25来自新浪微博标签：$LOTOzf$,literature
回复千古云霄一羽毛:恭喜你，成为湖南经视《英超足球夜》第四个问题的幸运观众。 千古云霄一羽毛:净胜球1个$LOTOzf$  湖南经视英超足球夜：今晚12点湖南经视《英超足球夜》为大家带来英超第15轮的直播：斯托克城S热刺的比赛，欢迎广大球迷踊跃留言，微博互动！转发(5)|评论(70)12月11日 23:00 来自新浪微博            ,sports
《空境》 天空一无所有…… 天空之可贵，也正因一无所有可容纳天下万物。 心也应该如此， 纯净的心包容一切、但无任何尘世杂质。$LOTOzf$,literature
成墨初(成墨初)icon_authen.png:【不断学习是改变人生的最强力量】哈佛有一个着名的理论：人的差别在于业余时间，而一个人的命运决定于晚上8点到10点之间。每晚抽出2个小时的时间用来阅读、进修、思考或参加有意的演讲、讨论，你会发现，你的人生正在发生改变，坚持数年之后，成功会向你招手。$LOTOzf$,campus
巅峰盛宴【巧吃10种水果减肥】①在早晨到午饭间吃苹果；②餐后喝点鲜柠檬泡水；③把菠萝当成主食；④猕猴桃果汁可瘦身；⑤晚饭半小时后吃点葡萄柚；⑥香蕉可搭配蔬菜食用；⑦将山楂做成零食；⑧火龙果可榨汁或制沙拉；⑨草莓和酸奶配合食用；⑩将橘子和其他饭食搭配。http:t.cn/S2mqqC				$LOTOzf$,woman
【珠海体育中心迎春花市下月13日开张】昨日，2012年珠海迎春花市体育中心点开始竞标，记者了解到，体育中心迎春花市时间为1月13日至22日，为期十天，另一主要迎春花市拱北夏湾点由于受道路改造影响，正待重新选址中。 http:url.cn/292Zy  珠海新闻网 报道这里是珠海$LOTOzf$,sports
黄蜂、火箭以及湖人的三方交易告吹，火箭眼看要到手的飞了，他们转而打起了另一个的主意。火箭为开出了4年5500万的合同。不过，灰熊打算匹配这个合同。,sports
85杆147一览：柯普第三杆史上第5 丁俊晖排名第四 http:t.cn/S44lY （分享自 新浪体育）        $LOTOzf$,sports
293城画影像志罗洋的《女孩故事》里，女孩们就像一种生活在这个世界上很微妙有趣的生物，她们有着最敏感的触角，带着一种勇敢和怯懦，不断地对着这个世界去试探。城市画报曾翰罗洋$LOTOzf$,literature
选出你心目中第十轮广东三雄五佳球吉林广东；东莞广厦；佛山新疆。选出你心目中的五佳球吧我们将在本周四（12月15日）20：27《篮球大本营》中公布喔标签：$LOTOzf$,sports
张五毛：有奖征集《公主坟》封面承蒙大家厚爱，《公主坟》首印已经所剩无几，现在开始准备再版加印。再版《公主坟》封面和内文纸张全部更换，内容也要做一些改动。现向大家征集再版封面。要求：有一定的视觉冲击力、雅致、大气。一经采用送样书五本，奖人民币500大洋。邮箱163朗朗书房刘晶转发(3)评论(2)12月14日09:53来自新浪微博标签：$LOTOzf$,literature
那是从中世纪延续而来的赛马节，在足球篮球还未盛行的中世纪，赛马绝对是那里的第一大赛事，四处而来的骑士们在这天为了荣誉而战。张孟达：时尚旅游每日一图托斯卡纳（）一向都是与安静、悠然、优雅诸如此类的字眼相随。每年8月16日，小城突然沸腾起来，那是从中世纪延续而来的赛马节，穿着15世纪服装的骑手们向广场进发，仿佛是完成了一次过去到现在的穿越。晚上7点半随着一声轰鸣的炮响，赛马正式开始。图文千阳游走世界中转发(10)评论(3)12月9日11:47来自新浪微博,sports
优家三周年年刊特别策划时尚专题，以《东方美，西方见》；《对话本土女设计师》；《衣橱灵感》和《传承经典》，传达我们对女性的美与时尚的态度。,literature
75胜出需具备五大因素智能手机市场上已经出现两大成功平台：苹果和。目前市场上还有第三大平台出现的机会吗鉴于经历了开源重生，下一代黑莓操作系统尚未完成，目前只有一个手机平台能够迅速成为竞争者，即微软75。:标签：$LOTOzf$,literature
【中国传媒大学07级动画毕业设计《游园惊梦》终版--王琳慧】 http:url.cn/3WNia3                收起中国传媒大学07级动画毕业设计《游园惊梦》...$LOTOzf$,campus
 继海防阿内尔卡，我看行！真的！但是丢二个阿内尔卡，我看你们怎么防！哈，这个才是命题。 || 孙继海: 说实话如果一防一难度 太大了，中超几乎每有后卫可以，当然足球还是十一个人玩的游戏 马德兴: 第一个就让你去对付他！中超第一场最好就是申花vs陕西，如何？  $LOTOzf$      孙继海:阿内尔卡的到来对中国足球来说确实是件好事，他的能力我还是比较清楚的，一定会给申花队带来很大提升，给各队的后卫带来很大麻烦，不过他的到来更大的意义是证明中超投入在加大，对于高水平的球员更具吸引力，在足球发达地区也慢慢开始有了一定的认知度。昆明市西山区 - 地图展示,sports
双鱼？恩好吧蔡蕊莲:无程玥玥：12星座拍拖时脾气最好榜单出炉1双鱼座。2水瓶座。3天秤座。4巨蟹座。5金牛座。6摩羯座。7射手座。8双子座。9处女座。10天蝎座。11狮子座。12白羊座。程程袁野华少天悦转发(305)评论(33)12月11日09:21来自客户端标签：$LOTOzf$,woman
这是哪跟哪啊北京国安官方微博：北京国安足球俱乐部已与邵佳一签署了工作合同。转发(4339)评论(1119)12月13日16:39来自客户端标签：$LOTOzf$,sports
转发微博。雨时俱静：世界足球日还记得那个叫追风少年吗？作为运动员，如今我们都已经老了。永远关注中国足球，作最真实中国球迷曲波转发(86)评论(14)12月9日12:26来自新浪微博标签：$LOTOzf$,sports
韶辉:感谢张亮绝对要洋气模特张亮:希望辉哥与时装男刊越来越好越来越洋气韶辉:这是我人生的一个新的挑战，我对《时装男士》充满信心，感谢时装传媒集团对我的信任，感谢主编时装男士杂志：《时装》传媒集团人员调整《时装》传媒集团今天发布了集团岗位变动通知，原时装杂志副主编兼时装总监王韶辉韶辉，在新的一年将担任时装男士杂志执行主编。伴随着新主编的加盟，让我们拭目以待2012年《时装男士》杂志将带来什么样的精彩。苏红转发(1008)评论(319)12月13日12:39来自新浪微博标签：$LOTOzf$,literature
"第五届法学教授羽毛球邀请赛:教授组男双,武汉大学皮勇教授、林亚刚教授对阵中南财经政法的两位教授$LOTOzf$",sports
张恬这个人：扣篮公仔麦迪中文网虎扑篮球昨晚光顾着布置场景拍照，广厦比赛，拉莫斯和钱德勒同在场上的配合都没仔细看。典韦和老北京的那两期没买到，看我这么热诚，送我两本吧，或是就寄公仔也行体育世界官方转发(2)评论(3)12月7日10:28来自新浪微博标签：$LOTOzf$,sports
回复:对，今天上市:转发此微博:已经上市了吗？科幻世界：新刊预告错过了众星云集的第二届全球华语科幻星云奖？念念不忘宝树的《三体》？翘首以待华裔科幻作家刘宇昆的新作？念叨了很久的“全屏”封面？2012年第1期《科幻世界》，不仅会满足你的心愿，还有众多新变化等待着你去发现更多详情请点击：:2转发(57)评论(42)今天11:59来自新浪微博标签：$LOTOzf$,literature
今天介绍一款祛痘印的小偏方，盐食醋祛痘印法：准备材料：醋、盐、水，三者比例为盐：醋：水=1：3：9 ，将三种材料按照比例调匀， 使用方法：用温水洁面，将沾湿的毛巾直接擦脸，早晚各一次，痘印会渐渐减少，同时，皮肤也会越加白皙。MM们可以按照此方祛痘印，坚持下来效果不错哦！				$LOTOzf$,woman
姜洪军：回复科学出版社人文分社:作为职业经理人斯科特对早期苹果公司治理作用深巨，他将苹果公司视为自己的孩子。《乔布斯和他的对手们》（科学出版社出版）目前当当网有售。:2科学出版社人文分社:有这么严重吗？姜洪军：我的新书《乔布斯和他的对手们》（科学出版社出版）第3章《被遗忘的首任》片段:年轻的乔布斯与苹果董事长马库拉联手将有汗马功劳的公司首任斯科特解聘当时乔布斯有一种负罪感，他一直害怕斯科特会自杀。图为斯科特。转发(11)评论(5)10月18日11:51来自新浪微博标签：$LOTOzf$,literature
十二星座对应的《名侦探柯南》人物，你是哪一个？1白羊座：京极真2金牛座：工藤新一3双子座：怪盗基德4巨蟹座：宫野明美。5狮子座：铃木园子6处女座：毛利兰7天秤座：小泉红子8天蝎座：服部平次9射手座：佐藤美和子10摩羯座：灰原哀11水瓶座：中森青子12双鱼座：远山和叶$LOTOzf$,woman
沙宣来了每日播报干净的长刘海外线和多变的梳理方式，不仅使得个人英气立刻提升而且还能带来不同的视觉效果。找到合适自己的发型才是剪发的真正目的$LOTOzf$,woman
北京时间12月1日，西甲公布了上赛季各奖项的评选结果。巴萨巨星莱奥-梅西力压最大竞争对手克里斯蒂亚诺-罗纳尔多，一人独揽最佳球员和最佳前锋奖。该奖项由业内认识评选产生，对于梅西来说，是至高的荣誉。 http:url.cn/1XCeLr   CC巴塞罗那新闻哥 梅西官方微博群(*919145) LigaBBA                收起视频：C罗梅西先后加冕 金球将敲定世界最佳$LOTOzf$,sports
拒绝冷漠 温暖你我似乎已经找到了中国人态度冷漠的病灶，同时也了解了产生这种冷漠的根源，众所周知，这种冷漠使中国人不能有效地组织起来。而解决问题的办法似乎也很简单，即制定法律，保护民权。但好像没有人有足够的远见能看到这么做的长远影响。没人要求这样。也没人真的想这样。----BY林语堂$LOTOzf$,literature
【本周热销】1.《信睿》主编许洋 信睿 ；2.郑渊洁 《皮皮鲁送你100条命》二十一世纪出版社官方 出版；3.《中国国家地理》中国国家地理 出版；4.[美]沃尔特?艾萨克森《史蒂夫?乔布斯传》中信出版社 出版；5.冯唐 《如何成为一个怪物》新星出版社 出版。祝周末好读~ http:t.cn/h4J1wA				$LOTOzf$,literature
女性朋友们要好好爱自己哦我为奢品狂:女性朋友们要注意的，五个时候绝不能洗澡美妆汇：女性朋友们要注意的，五个时候绝不能洗澡原文转发原文评论,woman
"【一分钟美白法之甜酒酿美白小面膜】原料：甜酒酿、压缩面膜；做法：甜酒酿倒在一个乾净的容器里，连米也一起倒出来。把米压碎一点，然後就可以把面膜纸放进容器里吸足够量的酒酿，敷八到十分钟就可 以了。 然後一样清水洗一下脸,，正常护肤程式即可！>>>想知道怎么化妆就收听冬天跟我学化妆$LOTOzf$",woman
红运内衣。012你最想求的红运是什么？桃花运、财运，事业运、蜜运、考试运。华歌尔官方微博：华歌尔内衣洋溢着节日气氛的季节怎能没有红色，华歌尔最新爱魅系列新品热力上市，与国际影星张静初一同感受无限魅惑能量。诱惑的低设计，配合可拆卸插片，塑造深邃乳沟，让性感加倍。细腻的蕾丝贴花与皮质材料的碰撞，更显热辣。朱唇轻启诱惑若隐，让被欣赏的你同静初一样妩媚性感，充满魅力。原文转发原文评论$LOTOzf$,woman
最强先发五虎：公牛居榜首 热火湖人难入三甲  http:url.cn/2hwJa4  (分享自 腾讯体育 )$LOTOzf$,sports
就我不是阿拉蕾 那姿色，竟然要交这么多税收！‘地球形象税收局’的审美观真是令我不敢恭维。快来看看你要纳多少形象税：http:url.cn/3YFsGb$LOTOzf$,woman
丁俊晖轰生涯第三杆147 创两项历史第1载史册 http:url.cn/1OkY3$LOTOzf$,sports
女生至爱活泼俏皮的代表经典款单拉链长夹钱包拉手49元包邮噢:532,woman
【十二星座MM谁做饭最好吃】冠军（巨蟹座）、亚军（金牛座）、季军（双鱼座）、第4名（双子座）、第5名（天秤座）、第6名（处女座）、第7名（射手座）、第8名（水瓶座）、第9名（魔羯座）、第10名（狮子座）、第11名（白羊座）、第12名（天蝎座）。$LOTOzf$,woman
拉手网在团购《最家长》哦！37元一年，还另外多送一本，哇，超值啊！快去看看吧http:t.cn/SG0WMk        $LOTOzf$,literature
优购百科:1986年1987年赛季对于乔丹来说是突破性的一年，他的得分记录开始直线上升。全明星赛周末中，迈克尔赢得了他的首次扣篮比赛冠军，并迎来了第一个得分王头衔。在整个赛季夺得3000分的首位球员。伴随他取得辉煌战绩的是由意大利制鞋大师打造的一双压花革球鞋。$LOTOzf$,sports
在鸦片横行的时代，“东亚病夫”（“Sick man of Asia”）这个词是全体海内外中国人内心深处的世纪之痛。现如今，当我们照镜子时，身体是强壮了，但仍缺乏完全摆脱“东亚病夫”的底气——看过中国足球的人都知道，那是精神上的差距。$LOTOzf$,sports
2011体坛风云人物提名奖揭晓 刘翔李娜获提名  http:url.cn/0UAmTw  (分享自 腾讯体育 )$LOTOzf$,sports
 单行本正在筹备中！请关注《知音漫客》和《漫客绘心》近期的新书预告~$LOTOzf$      江喻飞:吹沙 昨日青空完结了，单行本啥时候出来？,literature
NIKE冬季联赛武汉站，TNT夺得冠军，313获得亚军 —— [凯文体育]$LOTOzf$,sports
转发微博微杂志：长日尽处我来到你的面前你将看见我的伤痕你会知晓我曾受伤也曾痊愈泰戈尔《飞鸟集》转发(647)评论(47)今天10:15来自新浪微博标签：$LOTOzf$,literature
《上海国土资源》已被美国《乌利希国际期刊指南》（）收录，2011年12月6日该指南高级副编辑告知此讯，中国科学技术期刊编辑学会经检索后于12月12日发来确认信息。标签：$LOTOzf$,literature
【当当看历史】经过近一年的联络沟通，《看历史》终于在当当上架。现在当当、卓越、京东、快书包等主要购书网站，全部都可购买本刊了。http:url.cn/2BG4BP$LOTOzf$,literature
历史小说《关云长——关羽不是传说》出版$LOTOzf$,literature
“全球十大变性美女之一”河莉秀明晚抵徐号称“全球十大变性美女之一”的韩国影视歌三栖明星河莉秀将飞抵徐州。河莉秀此行，是应亚洲整形医师协会和中国玫瑰行动爱心基金会的邀请，为徐州美莱美容医院的中韩整形美容合作项目和中国玫瑰行动徐州地区的爱心援助医院授牌同时为2010亚洲中韩美容节揭幕。,woman
2011好书推荐断裂线，我的救命稻草！$LOTOzf$,literature
美丽风情365香水能让每个女人的性感指数飙升。那么你想拥有这样一款香水吗，它能散发出微妙、轻盈的味调，精巧表达出恋爱中女性的心情自由去爱，义无反顾。珍爱爱恋香水能让你打开自由悸动的法式心扉幸运派年底豪礼派送中，兰蔻爱恋香水即将上线，恋爱中的一定要关注哦。$LOTOzf$,woman
甄子丹自传《问丹心》隆重上市功夫巨星甄子丹首次揭露从龙套到巨星的蜕变过程，真实吐露了童年学武中的苦乐、与圈中好友（黄秋生黄百鸣李连杰）的真挚友情、与太太汪诗诗的甜蜜爱情。此书是一部励志书、一部爱情保鲜书、以及一部处世哲学书。让你爱生活、爱家庭、成为生活的“武者”。$LOTOzf$,literature
 ||腾讯薇薇：热烈欢迎，国际足球巨星、世界足球先生 C罗入驻腾讯微博$LOTOzf$      C罗:Hello QQ users! I've opened this account to be closer to my chinese fans and happy to share exclusive contents with you. Stay tuned! [译],sports
转发微博汪泉0315：教练来了，给人第一印象就是严谨里带点豁达。呵呵第二印象是他的一句话说的是“我要把绿城带到中超冠军、你们不要笑起码我的目标是这样的这不是不可能的。”童鞋们一起加油吧转发(30)评论(60)今天12:14来自新浪微博标签：$LOTOzf$,sports
嘉人的专栏提供了好多有效的，受益匪浅哦嘉人：随着秋冬季节的慢慢来临，姐妹们的肌肤是不是也随着季节的变化而变化，11月的嘉人美妆，对于护肤、美妆、美发的内容依然精彩不断，等不及的亲们一定不能错过哦写下你的评论更有机会登上下期杂志并获得相关礼品哦:75转发(9)评论(9)11月3日12:47来自新浪微博标签：$LOTOzf$,woman
期市小妖:转给美女们，好好照顾自己哦。美容小窍门：女人衰老的原因一缺气、二寒气、三肾亏。每天早上三片生姜、一杯蜂蜜水、三颗红枣，两天一瓶酸奶，平时多吃鸭血猪血。特别提醒例假时期不能吃海带海鲜香蕉西红柿。梳头（百穴），洗完澡用电吹风吹肚脐眼（丹田），低血糖吹腰，月经不调吹后脑勺，每天晚上泡热水脚，每天敲足三里。转发(16984)评论(935)12月6日12:40来自皮皮时光机标签：$LOTOzf$,woman
古火拉兹五毛:刘鑫:科幻世界姚海军《当代》年度最佳长篇小说评选网友提名最新动态：《三体3》暂居第一位虽然最终恐怕无法获得主流文学圈的这一重要奖项，因为它某种意义上还是“专家奖”，但我很高兴这份由全国近百位专业媒体人提名的年度长篇小说二十强中，科幻文学的代表破冰而出语无伦次：2011年度《当代》最佳长篇小说正在网上读者投票，在第一页作品中，我读过的只有《天香》《刘氏女》。《古炉》是没读完，其他的都只是听说过。不知读者在评选的时候是挑自己读过的，还是看着作家名气投？:04转发(130)评论(20)12月14日11:07来自新浪微博标签：$LOTOzf$,literature
这个粉底效果非常不错的说！非常喜欢！				 COERMARK官方微博：  COERMARK 上海百盛淮海路店今日璀璨登场！  优惠活动之  明星产品 ＜真我色彩＞系列粉底（网称“中草药”）限量优惠套装A  明星产品 柔软遮瑕粉底霜 （网称“魔术粉膏） 限量优惠套装B～～详情请参看图片或COERMARK 官方网站http:t.cn/SwYGbn原文转发|原文评论 $LOTOzf$,woman
在体能消耗极大的情况下依然每球必争，在落后的情况下保持着平稳的心态并敢打敢拼，这些女足黄金一代最珍贵的品质都在这支大运女足的姑娘身上再次体现，和几名国脚助阵带来的作用相比，恐怕这些才是中国女子足球称雄大运赛场更为重要的原因。$LOTOzf$,sports
今天的体育快评也来关注这个，阿内尔卡阿内尔卡五星体育新闻：五星体育今晚19点《体育新闻》22点《体育夜线》和您一起关注申花如何征服阿内尔卡转发(44)评论(16)12月12日13:53来自新浪微博标签：$LOTOzf$,sports
高清：大学生5人制联赛开幕 北工大7-3北科大  http:url.cn/2Cctb8$LOTOzf$,campus
【生不如死的“痛经”如今终于有了解救的方法】配料：水，红糖，红花生，红枣，红豆，枸杞。来完月经一个星期之后就可以煮来喝啦！喝完下个月来就不会痛咯。$LOTOzf$,woman
今天不睡了经乌龙事件后曼联巴塞尔欧冠现场直播,sports
呼啦圈能减肥瘦腰嘛？当然可以但需要注意以下几点：1、呼啦圈运动量较小，每次需持续30分钟以上方能见效2、每周运动三次，每次至少三十分钟，心跳达一百三十下，长时间且持续有点喘又不会太喘3、不能单向旋转，容易造成脊柱旋转错位健康减肥关注也瘦网,woman
最后是12月15日《篮球先锋报》的新闻报道，上一轮CBA焦点之战无疑就是邓华德重回上海滩。结果比赛也像电影一样，以弱胜强的好戏再次上演。而一向很有“性格”的邓华德此番故地重游，整个人也低调了不少。也许就像我们的标题一样，他也希望上海将他遗忘……        $LOTOzf$,sports
＜天子传奇8＞本来预算12月出版，现在改为明年2月出版，为何呢？很简单，多些时间可以制作得更好，坚决要最劲      $LOTOzf$,literature
转发微博。女人帮：漂亮女人饭后不做9件事1、不要立刻吃水果。2、不要立刻喝茶。3、不要立刻吸烟。。4、不要立刻多饮水。5、不要立刻喝汽水。6、不要立刻池糖。7、不要立刻做剧烈运动。8、不要立刻看书。9、不要立刻洗澡坚持这9件事，10年后比现在还美。怕忘记？转发吧女人帮转发(476)评论(42)12月5日16:30来自皮皮时光机标签：,woman
中超结束，中国足球仍然在迷茫中寻找自己得未来$LOTOzf$,sports
叫我张伊明:这个得转一下子微周刊：2012年事业旺财运旺旺的12星座排名巨蟹座（第一名）；双子座（第二名）；天蝎座（第三名）；狮子座（第四名）；水瓶座（第五名）；双鱼座（第六名）；金牛座（第七名）；处女座（第八名）；白羊座（第九名）；摩羯座（第十名）；射手座（第十一名）；天秤座（最後一名）。微周刊转发(15)评论(4)今天10:00来自皮皮时光机标签：$LOTOzf$,woman
2011年体坛风云人物特别节目两位嘉宾最看好哪位特别贡献奖的候选人，对于姚明没能入选，嘉宾又持怎样的看法。登陆参与节目发表您的看法。$LOTOzf$,sports
【新书预售】白骁 作品《4.9×4.9-new battle-》单行本3-4卷继1-2卷后再度重拳出击，已上架预售！！热血比赛激烈对决，加上纠葛的青春恋爱关系，多角恋情全面陷入！本次还将收录《4.9×4.9》官方代言人岚陵萧萧声为作品特别拍摄之写真及随第四册附赠精美对折拉页。购买地址：http:url.cn/1AKLDL$LOTOzf$,literature
亲，现在我们湖北体育频道的体坛那些事节目正在播出喔今天的主题是“赴国外取经”主持人艾轶将和嘉宾郑斌、包波大家带来有关足球教练员赴国外学习足球技术理念的话题，欢迎收看喔标签：,sports
【校车将享有中国最高路权】据新华社，公安部表示，各级公安机关和交管部门要以最高的路权为校车提供保障服务，以最严的措施查处校车严重交通违法行为，深入开展校车安全隐患排查整治，尽最大的努力维护校车交通安全。        $LOTOzf$,campus
《金卡工程》经国家新闻出版署正式批准由广东省科技厅主管、广东省对外科技交流中心主办。欢迎广大读者踊跃投稿编辑部：联系电话：耿编辑02083547151李编辑工作：1641154104（双休日编辑部不上班）投稿邮箱：01163。有国内统一连续出版物号441541，国际标准刊号16712498标签：$LOTOzf$,literature
普拉蒂尼围攻英超的举措终于在本赛季的欧冠中大放异彩，曼彻斯特哥俩傍着出局，切尔西要不是老魔兽，也悬，反倒是赛季前半死不活的枪手颇显顺利。英超被围剿，意甲反倒有3，另外，包子队一堆，普总，这下是彻底均贫富了，您满意了，球迷好像不太乐意了。,sports
发表了博文《安思定为您分析：女性更年期失眠的原因》女性更年期易失眠是为什么更年期会影响女性健康的问题有很多，了解更年期关的影响因素就变得很重要了。安思定小贴士为您介绍下，更年期失眠的原因到:$LOTOzf$,woman
曼联曼城平了，阿森纳平了，拜仁输了，又有多少人狂输或者暴富？$LOTOzf$,sports
香港大学(上海）实效经理人研究生文凭课程班: 整合实效管理是近年来新兴的高等管理教育哲学，本课程首次将这一理念带到中国内地。课程包含整合管理和实效管理两大知识型经济下必备的管理精髓，重在开拓学员国际视野，通过不同思维模式的学习，助其推动企业创新和变革 http:t.cn/Shb5qZ				$LOTOzf$,campus
1982年看世界杯时爱上了阿根廷，同时记住了巴西的苏格拉底----一个身材修长的大个子，居然可以把足球“玩弄”的如此灵动，而且还是个博士。可惜终归和唯美足球一起随风而逝。$LOTOzf$,sports
我冬天的最爱美宝莲：两款2011冬日限量唇部产品立刻到美宝莲专柜不用羡慕妒忌恨噢第一个是:美宝莲宝贝护唇膏大爱纽约时尚限量版全国限量6万另外一款是美宝莲绝色唇膏红色倾城限量版持久至纯色彩是宝贝们打造圣诞华丽潮妆的必备噢:2转发(26)评论(7)今天11:23来自分享按钮标签：$LOTOzf$,woman
 NBA50大传奇巨星1965年，巴里在NBA选秀大会上被旧金山勇士队在首轮选中。身为一年级菜鸟的里克-巴里却打出了巨星级的表现，强烈的进攻欲望即使在对抗更强的NBA赛场也没有任何减弱，第一年赛季结束，他就以场均25.7分排名联盟第四，毫无悬念的当选NBA最佳新人并入选当年NBA最佳阵容$LOTOzf$      NBA:NBA50大传奇巨星1965年，巴里在NBA选秀大会上被旧金山勇士队在首轮选中。身为一年级菜鸟的里克-巴里却打出了巨星级的表现，强烈的进攻欲望即使在对抗更强的NBA赛场也没有任何减弱，第一年赛季结束，他就以场均25.7分排名联盟第四，毫无悬念的当选NBA最佳新人并入选当年NBA最佳阵容。,sports
目前，各个地方的政府，都在加强市民化管理，让更多的外来务工人员子女都能接受教育。小学、中学都已按照当地市民政策，就近入学。大学、幼儿园可能还需要个人的努力，也需要政府和企业各方面的努力。郭巧：向许景南郑六和提问：在解决外来务工人员子女的教育问题上有没有什么新的举措和帮扶政策呢？转发(2)评论(2)2月23日21:19来自微访谈用工趋紧标签：,campus
【好莱坞式结局】如果对休斯敦的总决赛是贝克汉姆在美国的绝唱，那他的离开算得上功德圆满——帮助银河拿到冠军，为大联盟赢得关注，甚至改变了美国足球。http:t.cn/StYa7F        $LOTOzf$,sports
谢谢米女对我们的支持，也祝愿米女的肌肤变得更加清新靓丽哟车厘子：膜法世家5折，败了绿豆清肌净白修护组合（面膜蜜汁洁面酒糟酵素面膜活肤淡斑去黑头收毛孔）希望真的好用原文转发原文评论,woman
【让女人加快衰老的10大原因】1.整天愁眉苦脸，庸人自扰；2.熬夜；3.经常暴晒；4.抽烟喝酒；5.面部表情过于丰富；6.不爱喝水；7.不喜欢运动；8.卸妆不彻底；9.不了解自己的皮肤，用不合适的护肤品；10.亲近刺激性的食物，远离维生素！$LOTOzf$,woman
当雪花飘落在指尖的一刹那，我们切身感受到了冬天的来临。聚会的扎堆儿时间，也是大大小小的年会、派对上各路美女争相斗艳的绝好机会。气质淑女、性感辣妹、还是可人的“小清新”，爱美的你准备以什么形象出现在各种欢乐场合？还等什么，来伊美尔，玩转美丽，做时尚女王:1$LOTOzf$,woman
v5推推【鲍春来正式公布退役国家羽毛球队】宝剑锋从磨砺出，十年的磨炼，虽未褪去宝剑的锋芒，但却留下了不完美的残缺。鲍春来正式宣布退役国家羽毛球队，对于这个消息，在情理之中，却在意料之外。。。http:url.cn/2zlPjP 羽毛球$LOTOzf$,sports
【冬季喝水减肥 做个水灵灵的瘦美人】 1.清早起床：喝上一大杯淡盐水；2.上午：喝点柠檬水；3.午饭开吃前：喝一小碗汤；4.下午：喝一杯玫瑰花茶或者其他的花草茶；5.晚餐：以蛋白质和蔬菜汁为主；6.三餐前：中药减肥茶，特别适合在餐前半小时内饮用，尤其是空腹饮用，效果更佳。$LOTOzf$,woman
 ||知性小资女人: blingbling美甲，每天必上，今天你闪了吗$LOTOzf$女人都爱美甲:blingbling美甲，每天必上，今天你闪了吗！~~喜欢美甲请收听→女人都爱美甲,woman
《好玩的书》在卓越网已经挺进前100名啦！感谢腾讯网总编辑陈菊红为《好玩的书》写的推荐语：“我写的推荐不比这本书好玩，把你浪费在这两行字上的时间加在《好玩的书》上吧。”$LOTOzf$,literature
 亲 我报名参加足球同志会！$LOTOzf$      李家俊:昨天和几个朋友讨论建一个踢球的同好会，组织每周去踢一次球，尽量正规，为的是强身健体，为的是联络感情。,sports
NBA一起看看今天湖人对爵士的比赛集锦吧~~~  http:url.cn/2EyKCg                收起湖人96-71爵士 科比26分阿泰惊艳劈扣$LOTOzf$,sports
想要让皮肤更好地吸收富有滋润成分的产品，顺着毛孔打开的方向，由下至上的推进方式是非常有效的。先把面霜点在下巴、两颊、额头和鼻尖，然后从下巴开始以打圈的方式缓缓向上，经过鼻子，到额头;再从嘴角两边向上将脸颊上的面霜也涂开。$LOTOzf$,woman
【电脑族护肤】 ①隔离保湿，每天涂隔离霜，电脑旁放一个保湿的喷雾随时补水；②每半个小时起来运动五分钟，可改善血液循环使皮肤透亮；③备一杯胡萝卜汁，常喝抗氧化使肤色红润；④上网后尽快用温水和洗面奶洗脸。普通隔离霜用洗面奶就足够了，不需要用卸妆产品。$LOTOzf$,woman
如果说泰达今年亚冠最大的问题，不是今天的0:3，而是小组赛对阵墨尔本的两场比赛造成的苦果，只能自己吃。如果多拿1分，主场踢大阪樱花，恐怕结果会更值得期待了。          $LOTOzf$                          马德兴:亚冠比赛结束,sports
本周末风云足球直播预告：10日15：00中国足协室内五人制甲级联赛第9轮青岛英茁体育浙江黄龙三大22：30不来梅沃尔夫斯堡11日01：30汉诺威96勒沃库森03：45国际米兰佛罗伦萨22：30多特蒙德凯泽斯劳滕12日00：30斯图加特拜仁慕尼黑,sports
北京时间11月27日晚，根据英国多家媒体同时报道，现任威尔士主帅加里-斯皮德自杀去世，年仅42岁。随后威尔士足协也官方确认了这一消息，一代英超传奇球星就这样没有任何预兆令人感到震惊的辞别了人世。$LOTOzf$,sports
大佳资讯为城市开书单《朱镕基讲话实录》获推荐一场名为“阅读城市城市阅读”的大型推广活动在北京向社会发布首批141种推荐书目。唯一获“特别推荐”的图书是《朱镕基讲话实录》。:$LOTOzf$,literature
英超【热刺1-1切尔西】上半场比赛结束，阿德巴约首开纪录，斯图里奇扳平比分，两队暂时1-1握手言和，但切尔西已经损失了伊万诺维奇和米克尔两员大将。CC切尔西微博群(*83952974) 英超 国际足球$LOTOzf$,sports
本周末风云足球直播预告：12月4日22：00尤文切塞纳5日00：30沙尔克04奥格斯堡（本周大多数联赛均在五套直播：3日03：45的热那亚米兰、22：30拜仁不来梅4日01：30斯图加特科隆03：00巴萨莱万特本场比赛在德甲结束后延播5日03：00马洛卡毕尔巴鄂，请以五套预告为准）标签：$LOTOzf$,sports
2011赛季中超联赛最后一轮，陕西人和在两度落后的情况下依靠菲尔马尼和陈杰的进球两度扳平比分，2:2战平青岛中能。感谢广大球迷一年来的支持与厚爱，明年中超赛场我们再见,sports
尚品课堂睡前四步去眼袋：用中指和无名指由眼角至眼尾方向按压眼窝上方。用无名指由眼尾至眼角，以画圈的方式按摩。用无名指从眼角开始，以画圈方式逆时针方向按压。将按压延伸到太阳穴，稍加大力度并停留3秒。还可配合贝佳斯活力亮采睛凝霜，能更加有效去除眼袋和黑眼圈，不妨试试哦$LOTOzf$,woman
闽南高校一周两起学生坠楼事件，海峡导报日前调查发现 ：近两成受访大学生有过自杀念头 。心理专家：90后大学生心理问题应引起关注，要教孩子学会当“第二” 。困扰大学生们的问题主要有三方面，分别为学习就业压力、人际关系和情感问题。        $LOTOzf$,campus
别给我看什么调查报告，我最讨厌看科幻小说！$LOTOzf$,literature
360度环形吸脂可以对任何部位进行吸脂，哪儿肥胖就减哪儿，也可以为您塑造美丽曲线。在全身皮下脂肪堆积的部位几乎都可以进行吸脂减肥，如：面部、下颌部、上臂部、背部、腰腹部、臀部、大小腿等局部脂肪堆积部位。互听大队整形美容$LOTOzf$,woman
2. 初赛  （1）时间：2011年9月上旬。  （2）地点：重庆主城区。  （3）内容：专业表演。  （4）形式：采取评委审看录像的方式进行评选。经评委评议和打分，按选手得分排序，各比赛类别的前10名选手进入复赛。$LOTOzf$,sports
转发微博张建：看了足球之夜陕西浐灞搬迁贵阳板块，截下了这些伤感的瞬间，此时的心情很伤感，一个球市如此火爆的古城西安没有了足球队，作为一个山东球迷，此时很同情陕西的球迷。不管怎么说，祝福浐灞吧，未来更美好，祝福陕西球迷，未来真正的有自己的球队追随。再见，西北狼足迹王涛华商报浐灞风云原文转发原文评论$LOTOzf$,sports
孙老师译著甚丰，质量保证的忧郁的哈姆莱特：很久以前在译林杂志读过《汉尼拔》，觉得翻译不错。最近览2008年第6期所附各期长篇目录，才知道译者是孙法理。他还翻译了司格特《护符》。而关于我正在读的《伊凡赫》的两个译者的信息，能获取的太少。应该都是人物。转发(2)评论(1)11月25日08:44来自手机新浪网,literature
2000级帅锅童鞋(羽毛球高手)求助:有学项目管理的校友吗？有时间给讲讲课吧，学习一下，请吃饭。标签：$LOTOzf$,sports
CBA风云季恭喜福建球王龚松林职业生涯得分突破5000分！福建加油$LOTOzf$,sports
总之就是胖呗暴风明星汇：女人命好的几点特征1圆脸(对人际关系及财运都有加分)；2下巴丰满（可能会拥有两栋以上的房产）；3臀大(代表有财运)；4腿不能细（腿长脚瘦，奔走不停，辛苦之相也）；5小腹有脂肪(状是一种福寿之相)。转发(153)评论(24)12月13日09:25来自微博桌面标签：$LOTOzf$,woman
 || 中国足球: 送给喜欢足球的人们：也许你并不强壮，也许你身材不高、相貌平平。但如果你热爱足球，如果你崇尚团队配合，那你就能踢出最棒的足球！$LOTOzf$巴塞罗那足球俱乐部:也许你并不强壮，也许你身材不高、相貌平平。但如果你热爱足球，如果你崇尚团队配合，那你就能踢出最棒的足球！巴萨万岁！,sports
【实用管理学】管理的道理其实就这样简单：管理就是分而治之。我们通常都不害怕管10个人。因为10个人我们能够看得见，管得住。但是管理100人、1000人、10000人、1000000人？我们越来越恐惧和不知所措。但管理100个人和1万个人的差别并不大，关键是我们学会分而治之。$LOTOzf$,literature
中央美术学院是教育部直属的唯一一所高等美术院校。现设有绘画、中国画、书法学、雕塑、美术学、艺术设计、建筑学、摄影、动画等专业，三十多个专业方向:11标签：中央美术学院美术高考艺术高考,campus
八月照相馆双蛋跨年、完美新娘大讲堂火热开课中，免费听课学做新娘，报名更有千元大礼赠送快要结婚的你，犹豫什么，你的好友，你一来参加，学习新娘魔法，在那个日子里，体验全世界的幸福私信姓名手机号给我，即报名成功名额有限先到先得详情咨询:15011585213灵姐也可电话报名,woman
曼联出局，明年上半年可以少熬几个夜了。$LOTOzf$,sports
转发支持一下华章经管：庆再联想新书首发今天在快书包买《再联想》，赢联想乐1转发本条微博即有机会获赠4优盘，共8个活动说明见下图，购买请猛击:8转发(92)评论(61)12月8日10:09来自新浪微博标签：$LOTOzf$,literature
 勒蒂谢尔 Matt Le Tissier 这位被南安普敦球迷称为“勒上帝”的传奇球星从来没有赢得过任何荣誉，虽然曼联等豪门多次向他发出邀请，但勒蒂谢尔一生都没有离开南安普敦，他就是属于这座英格兰南部港口城市自己的“马尔蒂尼”。http:url.cn/3qmQCR  || 老牛:$LOTOzf$      阿森纳新闻:希勒：如果范佩西打破了我的年度进球纪录，我会第一个向他道贺，但阿森纳千万不能失去他（合同还有18个月到期）。希勒1995年在布莱克本以36个进球创造了自然年度内的进球纪录，范佩西目前33球，但阿森纳Arsenal新年前还有四场比赛。国际足球 英超 阿森纳微博群(*77661653) 英超阿森纳,sports
警惕喝咖啡可能会让你的胸部变小瑞典科学家的一项最新发现指出女孩每天喝咖啡若超过三杯她们的乳房可能会变小。因为半数女性体内含有一种特殊基因因为这种基因当她们摄入咖啡因时乳房就会缩小。但是隆德大学的海伦娜金斯洛姆表示女性没有必要为这一研究结果整天提心吊胆。,woman
7种方法除雀斑日喝1杯西红柿汁；黄瓜粥；常饮柠檬汁美白嫩肤，防皮肤血管老化除色素斑；常喝黑木耳红枣汤祛斑；胡萝卜汁敷脸，或日喝1杯胡萝卜汁，可防皮肤粗糙祛斑；禁忌使用含有激素、铅、汞等有害物质的“速效祛斑霜”副作用太多；避免刺激性食物，如咖啡、可乐、浓茶、酒等。$LOTOzf$,woman
12月12日《体育世界》互动话题：1作为全华班的八一男篮，要想回到顶级球队的行列，还应做好哪些方面的事？,sports
丁俊晖老家豪宅揭秘 丁妈称400平米花费60万  http:url.cn/0o89fc  (分享自 腾讯体育 )$LOTOzf$,sports
【欧树平衡补水舒缓眼霜】—轻盈液体质地、吸收迅速、非常适合眼部皮肤使用，同样适合于隐形眼镜配戴者使用。维他命A、E，抗自由基、抗氧化、防止眼周肌肤早期衰老，具有消肿、保湿、抗老化功效，让双目年轻有神采。http:url.cn/3cnicA$LOTOzf$,woman
《三万英尺》12月刊出刊了标签：,literature
【【淘宝网】【正品-纯天然丰胸植物精油】】 http:url.cn/0ceump$LOTOzf$,woman
历史回顾武汉伽美医疗美容医院斥资百万将热玛吉（）紧肤除皱系统进行了全面升级，将热玛吉（）紧肤技术率先创新运用于眼部抗衰领域，破解了多年以来热玛吉（）不能应用于整个面部的难题。经过多年的技术研发与改进，眼部抗衰除皱得到了极佳的治疗效果。,woman
女孩子的各种保养方法大全各位请尽快转走:5864$LOTOzf$,woman
谢谢你的支持哦这款新产品是伊卡璐滋养水润洗护组合，它蕴含夏威夷椰子兰花精华，双重植物精华滋润配方可以令秀发自然水润，芬芳怡人哦椰子精华可以润泽补水，兰花可以给你带来非凡的芬芳体验，迷人香气让你无法抵挡摇摆琰琰：伊卡璐草本精华刚买的，新包装好久没用这个味道的了，真得好香原文转发原文评论$LOTOzf$,woman
【玻尿酸隆鼻的优点有哪些？】①注射玻尿酸隆鼻只需注射一针，边注射、边塑性，在几分钟内便可完成，患者痛苦小。马上就可以看到注射隆鼻效果。②注射隆鼻舒适无痛苦注射隆鼻采用注射法，像打针一样，全程仅有微胀微痛感，无大痛苦，求美者接受程度高；③相对高昂的手术隆鼻费用，价格较为低廉。				$LOTOzf$,woman
中国男足在世界排名第83位，远远高于中国在世界上的人均GDP排名、人均收入排名、官员清廉指数排名、社会福利排名、医疗体系排名、环境指数排名、人均自然资源排名……你们TMD还有什么资格嘲笑中国足球！$LOTOzf$,sports
麦芽健脾疏肝不一般它的主要功效为消食健胃，回乳消胀。其消食健胃功效主要是促进淀粉性食物的消化，如米、面、薯芋类的积滞不化，常与山楂、神曲、鸡内金配伍使用；回乳消胀功效与其疏肝解郁作用有关。生麦芽偏于消食健胃，炒麦芽多用于回乳消胀。授乳期妇女不宜使用。:标签：$LOTOzf$,woman
意大利的新人Edoardo Alescio上周末成为WPT冠军俱乐部的一员。他在WPT威尼斯站点的比赛获得了冠军和奖金17.5万欧元。$LOTOzf$,sports
认真地看了北京和上海男篮的比赛，输在情理之中。外围三分的命中率太低。当然有客场因素，但连胜之后的低谷符合运动规律。李学林还要至少一周的恢复时间，武警总医院治疗的效果远超出预期，这是北京队的幸事。中国篮球$LOTOzf$,sports
 与其花这么大的价钱引进一个人，还不如将这笔钱投入到薄弱的教育环节中，至少可以为中国足球未来10年培育一些根基。舍本求末，难解根本的忧患。$LOTOzf$      腾讯体育:【阿内尔卡1060万年薪世界第3】1060万欧元！这是阿内尔卡加盟申花的年薪，如果消息属实，中超能引进这位法国射手，那么多的年薪将是世界第三，仅此于埃托奥（2010万）和C罗 （1200万），比梅西 （1050万）还要高10万欧元。http:url.cn/4TyBWK   球迷朋友们觉得这笔中超转会消息靠谱吗？,sports
转发微博。狮子座蜜语：狮子座:很简单不喜欢跟别人去争些什么，吵些什么，除非触及底线。狮子座:看似坚强其实在平静的外表下，内心很容易受伤。狮子座:会伪装即使遍体鳞伤，还是固执的假装一副无所谓的样子。脸上依然挂着天真无畏的笑容。你觉得呢？转发(466)评论(44)12月13日16:30来自定时标签：$LOTOzf$,woman
采访西部山区的一所小学，崭新的教学楼没有设计厕所，公寓楼造了洗澡房和厕所不能用，因为没有钱造化粪池和上下水道，食堂没人愿意承包，学校又没钱自己管，学生自己带柴做饭。国家要检查，市里拨了一些仪器，结果检查组不来了，仪器就仍在一边，学校心疼啊，这些钱，可以做让学生生活的好点的事情啊。$LOTOzf$,campus
双语飞鸟集《飞鸟集》是印度诗人泰戈尔的代表作之一，也是世界上最杰出的诗集之一，它包括300余首清丽的小诗。沪江坚持每天原创翻译一篇，至今已经完结。精选集美句呈上，微盘下载全集飞鸟集沪江出品戳:233,literature
珞珈风采武大是世界记忆大师的摇篮。湖北省第一位“世界记忆大师”出自武大，第一位世界记忆总冠军出自武大，打破“随机词汇记忆”金牌垄断的中国人出自武大，培养“世界记忆大师”最多的中国人也出自武大，全球大师密度最高的高校、最盛产记忆大师的地方也是武大。也许你不信，但是偶信。标签：$LOTOzf$,campus
【最适合冬季的排毒养颜美食】1.冬菇有益气健脾、解毒润燥；2.木耳清胃涤肠瘦身；3.蜂蜜排毒养颜；4.胡萝卜养血排毒；5.苦瓜增加免疫细胞的活性；6.海带排毒通便；7.茶；8.黄瓜保持肌肤弹性，抑制黑色素形成。$LOTOzf$,woman
每日一赏诺奖作家1966年萨缪尔约瑟夫阿格农（18881970）以色列作家。主要作品有小说《婚礼的华盖》、《大海深处》、《过夜的客人》、《钉婚记》等。1966年作品《行为之书》获诺贝尔文学奖。获奖理由：“他的叙述技巧深刻而独特，并从犹太民族的生命汲取主题”标签：$LOTOzf$,literature
"""快盘杯""北京金山软件足球超级联赛,总决赛:2011-12-18 周日15:00开始 ;请大家提前半小时到场[14:30] [金山网络]S [金山词霸] 裁判:张志勇$LOTOzf$",sports
足球之夜特别节目2011中超联赛年度颁奖典礼，稍后在18：41左右播出，欢迎收看。$LOTOzf$,sports
朵而?护肤【冬季护肤建议】1、每天洗澡完要记得抹了润肤露再穿衣服；2、睡前做好保湿工作，嘴唇记得抹润唇膏；3、冬天出门或者上网的时候记得抹防晒霜，上网后要记得洗脸；4、每天喝2L的水，早晨起来喝一杯，睡前不要喝水；5、使用含维生素E的护肤产品可以防止肌肤干燥、松弛。				$LOTOzf$,woman
2011好书推荐《给一个未出生孩子的信》法拉奇，这是我们在生命长河中回旋时，从某种程度上对生命本身的思考。让我我觉得天命使然，也前所未有的释然。$LOTOzf$,literature
清醇文字人民文学出版社：中国现代作家作品新编丛书《沈从文作品新编》，沈从文著。此次编选，除了收入沈从文好读且广为人知的前期作品，还选入了他大量的文论、序跋、书信等方面的文字，许多作品为作者和书信是生前没有发表过的，这些作品的收入，对于读者理解沈从文及其作品，以及当时的时代和思想状况，是有很大的用处的。转发(16)评论(5)12月11日13:14来自新浪微博标签：$LOTOzf$,literature
中国男篮一帮国手中，想不起几个在CBA打得好的，怎么打得好斯杯。$LOTOzf$,sports
2011好书推荐转眼间，2011即将结束，在这个年度里，哪些好书陪你走过难忘的时光？还有哪些好书你没有读到？欢迎参与话题，分享你在2011年读过的好书。$LOTOzf$,literature
女星的嫩白皮肤是大家一直都很羡慕的，可是女星私下是怎样保养她的皮肤的呢？下面我们一起来分享女星天然美白能量肌肤法吧~$LOTOzf$,woman
《装修情报》的秋季特刊《装修一本通》在编辑们的共同努力下顺利出版了耀眼的中国红封面，上面画着一大一小两只小猫咪快乐地蹬着自行车，颇为轻松有趣的设计我们希望这本特刊多少能帮助业主们顺利经历整个装修过程，真正带给大家便利和省心，从此，装修同样可以变得“轻松、有趣”标签：$LOTOzf$,literature
2011好书推荐吴思写的《潜规则》给大家推荐下，世事通达必读书 $LOTOzf$,literature
" 这是我N年之后再来关注一下足球，希望还能给大家留点希望。。。。。$LOTOzf$      足球之夜:CCT足球之夜: 1999年＂渝沈之战＂各色人等恣意表演，足协所谓调查不了了之，如今真相终于浮现；2003年""冠军德比＂万众瞩目，谁知比赛已被人操纵，如今当事人终于被押上审判席；2006年打着所谓公平竞争的冠冕幌子，同流合污大肆捞钱，如今他们终于在法庭上痛哭。今天18：35足球之夜推出《足球大审判》",sports
"《大江大海》龙应台,一本禁书,下次去香港买来看看$LOTOzf$",literature
在考虑留学住宿形式方面时，最好选择住校，因为寄宿类学校的管理相对较严格些，学生在校外的时间较少，也同样会面临少一些的危险。当然，在选择学校时，最好不要在大城市，一些偏远地区的封闭式寄宿学校反而更安全，私立学校比公立学校也相对较安全些。$LOTOzf$,campus
5月25日要参加报社里组织的羽毛球赛，这还是第一次参加这种比赛咧，听说对手是荆楚网的，怪厉害的角色，看来输是没悬念的事了，只能说怎么样能输得好看点。编辑部这边没人啊，谁与我配合，现在还不知，不然，怎么打双打哟，不会是我一人打双打吧。哈$LOTOzf$,sports
曼城1月3000万誓夺欧洲红人 小天王心系皇马  http:url.cn/30ScwZ  (分享自 腾讯体育 )$LOTOzf$,sports
2011好书推荐演员的自我修养$LOTOzf$,literature
本期节目有奖答题获奖观众，邢泽恩（父亲代替领奖）和吴宏杰。恭喜这两位获得了马布里亲笔签名篮球一个！希望没有获奖的朋友继续关注我们的节目，没准下一个获奖的人就是你！是你！你！        $LOTOzf$,sports
秋冬护肤【冬季防止皮肤的干裂 这些你做到了吗】1.不要用碱性过强的肥皂洗澡和洗脸2.洗脸后用软毛巾轻轻拭干，马上擦上化妆水和乳液面霜保湿补水3.多吃些胡萝卜、菠菜等含有维生素A较多的食品。因维生素A有保护皮肤、防止皱裂的作用。4.每周两次补水保湿面膜密集呵护肌肤，保证滋润一冬。$LOTOzf$,woman
曾经的先锋记忆。鲍仁君微博：詹姆斯在自己衣柜里的画报，是《篮球先锋报》的海报转发(13)评论(3)12月12日02:00来自体育,sports
来自《加索尔：心属洛杉矶，怎奈被交易》： 加索尔(Pau Gasol)... http:url.cn/34JLT$LOTOzf$,sports
高思推荐书目《活了100万次的猫》有一只活了一百万次的猫，它死过一百万次，也活过一百万次。它是一只有老虎斑纹，很气派的猫。有一百万个人疼爱过这只猫，也有一百万个人在这只猫死的时候，为它哭泣。但是，这只猫却从未掉过一滴眼泪。,literature
没了NBA，你会看神马？NBA 劳资双方谈判破裂，NBA进入核冬季，将无限期停摆。半年前我就曾提出本赛季NBA将停摆。当时媒体圈、篮球圈的很多人对此根本不屑一顾，甚至是嗤之以鼻。有的人甚至说“这就是在做秀。这么好的联赛，这么高的收视率，到时候人家自有解决的办法..” 现在请告诉我解决的办法。$LOTOzf$,sports
答案揭晓：西布朗的国王，1968年足总杯创造的记录。恭喜还没有发芽回答准确。请私信你的联系方式给我。每晚百威足总杯竞猜，不要错过百威啤酒：百威夜激情足总杯作为英国最久远的杯赛，大家知道唯一一个在足总杯每一轮都有进球的队员是谁吗？12月16日0点答案揭晓。第一个回答准确的朋友可以得到一份百威纪念品哦原文转发原文评论$LOTOzf$,sports
在为设计的披肩上，选择了手感滑爽，柔和的丝加羊毛材质，令佩戴者更感舒适。在温暖的驼色基调上，融入了源自昆曲戏服，有十足的东方韵味，又不失潮流气息，是时尚女性不可或缺的冬季百搭单品。即日起，任意卡诗零售产品买满720元，即刻获赠。,woman
女人快乐生活小建议新浪女性：每日经典女人快乐生活小建议1、喜欢的东西自己努力买，不要指望别人送。2、寂寞的时候，不要腻死在网上，做运动或者去找朋友八卦。3、认真游戏，牢记只是游戏。4、收到甜言蜜语的短信，记得微笑，然后删除。5、少喝果汁多吃水果，少吃零食多喝水，少坐多站，少说多做，少怀旧多憧憬。转发(638)评论(72)12月15日11:18来自新浪标签：$LOTOzf$,woman
薯条们相当热情啊非你莫属：非你莫属新书签售会正在进行中，你来了吗？聚美陈欧尹峰杜葵李凌霄解决网许怀哲文洁宋美遐莫华璋天工话事人原文转发原文评论$LOTOzf$,literature
《灼眼的夏娜》番外篇《赤眼的夏娜》哟天闻角川：分享图片：《天漫轻小说》12月号大注目，强作降临超人气校园战斗系轻小说《灼眼的夏娜》番外篇第一弹将在本月开始连载高桥弥七郎和伊东杂音老师联手创作《赤眼的夏娜》，不读不快天漫轻小说官方微博转发(32)评论(5)12月12日16:02来自新浪微博标签：$LOTOzf$,literature
联通小米合约机PPT来了 裸机价位不到1000？ 据联通内部人士透露，国代商爱施德，本年度性价比依然坚挺的小米手机与联通推出合约机，算起来裸机只要1000元不到啊，什么泰国水灾产能不够都是障眼法，百万级别货源才是放开的保证。$LOTOzf$,literature
费查（弗莱彻）由于溃疡性结肠炎要远离足球，休养一段时间。已经捉襟见肘的曼联中场再遭打击，冬季转会期就要开了，费，还不买中场么？在此祝福费查早日康复，重返赛场，各位红魔，支持费冬季开闸买人么？如果要买，大家有什么心水？曼联中文官方网曼联新闻标签：$LOTOzf$,sports
【2012艺术省统考分批时间公布 音乐美术本周日开考】音乐类和美术类将于12月18日开考，美术类和音乐类笔试当天进行完毕，考点都由省辖市招办、重点扩权县招办设置，其中音乐类视唱及专业主科个体测试将安排在明年3月进行。另外，除体育舞蹈类省统考将于明年3月进行外，其余类别都将于春节前完成。$LOTOzf$,campus
恭喜李娜！荣获法网女单冠军是她个人了不起的成就，也是中国网球在国际大赛中零的突破，值得我们庆贺。相信今后将有更多中国优秀选手在世界网坛上独领风骚！$LOTOzf$,sports
国际米兰更是如此。经历了头一年欧冠(微博 专题) 的失败后，穆帅一口气拿下埃托奥，卢西奥，米利托，莫塔和斯内德用来征战欧冠。功成名就后，米利托和卢西奥两位老将状态明显走下坡路，斯内德和莫塔伤病缠身，再者，国米本就是一支由马特拉齐，萨穆埃尔... http:url.cn/0GeSK8  (分享自 腾讯体育 )$LOTOzf$,sports
2011好书推荐没什么好推荐的，我最近一直在读《论语》！$LOTOzf$,literature
招聘汽车金融部实习生：即将毕业的研究生或者即将毕业的优秀本科生；专业尽量与本行业相符合，如社会学、管理学、经济学等，如有同行业实习经验者，专业可适当放宽。请将简历发送至：袁岳$LOTOzf$,campus
一些优质的女生，往往认为男友的“硬性条件”样样不如自己，吹毛求疵，逼得男友走掉才发现他的好，最后追悔莫及。我只想说，不懂珍惜的人不配得到爱情。要是你还想挽回，唯一的办法就是拿出相同的爱甚至更多的爱去回馈他，且从爱情的曲折中获得心灵的成长与个性的成熟。博文：http:url.cn/2lokHz$LOTOzf$,woman
风华正茂舞青春，春华秋实展硕果。12月19日下午5点，北京现代音乐学院1500演播大厅内华灯璀璨，座无虚席，第九届北京现代音乐艺术节首场演出——流行演唱学院华语演唱系专场演出“风华秋实”在这里隆重上演。以李罡院长为核心的院委会领导与数百名观众一同观赏了本场晚会。$LOTOzf$,campus
转发微博新浪文化：书画《日出印象》是莫奈于1873年在家乡阿弗尔港口画的一幅写生画。作品在送往画展时还没有标题，一名新闻记者评论莫奈的画是“对美与真实的否定只能给人一种印象”。莫奈于是就给这幅画起了个题目《日出印象》转发(359)评论(31)12月14日11:19来自新浪微博标签：$LOTOzf$,literature
[AB]迈阿密热火新赛季预览：复仇，视频：http:url.cn/1wtJaS$LOTOzf$,sports
昨日，某学校在光华校区举行了一场优秀教师招聘活动，为吸引优秀教师加盟，该学校开出了50万元年薪的天价，要求“招聘教师体重须达到6075公斤，必须具有明星脸效应”。:51标签：$LOTOzf$,campus
2012年1月号封面同款连衣裙刘清扬这里网购：:6555张宇:转发微博中国：甄选刘清扬设计的无袖连衣裙，选用精致的珠光面料，具有东方古典元素的印花搭配裙子的修身花苞廓型呈现出优雅高贵的迷人气质，而复古的配色使面料散发出奢华的质感。现在有售：:6555原文转发原文评论$LOTOzf$,woman
晚上和大自然公司踢了场足球赛，体力严重透支！想当年高中时，每个周末下午在球场上狂奔两三小时都不觉得累，真是年龄不饶人啊。$LOTOzf$,sports
邓华德回上海了，以新疆队主教练的身份带队挑战上海了不过和此前他在上海滩的呼风唤雨不同，这次老邓回来可是遭遇了一把无人问津的尴尬，甚至他请吃饭都没有人去今天的快评，五星体育涛涛将来说一说邓华德这个“熟悉的陌生人”标签：$LOTOzf$,sports
首届动漫脚本选秀大赛暨第8届金龙奖最佳动漫脚本奖9月29日晚隆重揭晓，恭喜Saya 的史上最强厕纸-Jo最终捧得大奖！（抚摸提名者《车姬》TR萝塔莉之狼 ），Saya 也将获得金龙奖 提供的10000元现金大奖及大家梦寐以求的漫画化企划，一起来恭喜Saya 吧！http:url.cn/0HFt9i$LOTOzf$,literature
毛孔粗大是由于毛囊及皮脂腺管口的异常角化和皮肤老化角质增生两种原因造成。休闲时尚虽然是简单的问题，但毛孔粗大的处理并不容易。毛孔粗大困扰着每一个爱美的女生。缩小毛孔需注意的六大事项，让你离细致皮肤更近一步:4标签：$LOTOzf$,woman
罗伊退役了，再也看不到那个曾经的黄曼巴了，虽然在今天有点黯然神伤，但是你的神奇单节与惊世0.8秒让球迷们为之疯狂，希望我们的黄曼巴永远开心快乐，身体健康。$LOTOzf$,sports
  || 开心宝: 神仙水。。。这名也太牛B了。  || 30万人在收听--美容秀: 神仙水一直都很神奇的，最好的护肤圣品啊，推荐给亲们了~~~$LOTOzf$      美容美甲:最近微博上都说神仙水好用，姐也跟风了，败了2支小样回来试试，发现这宝贝确实是不错啊，用过之后皮肤很明显嫩滑了很多，而且毛孔都收缩了，皮肤好了人也自信多了，呵呵，好东西，也分享给大家吧，很划算的小样，真的很赞哦。围观一下吧》》http:url.cn/3YhpzN,woman
2011好书推荐转眼间，2011即将结束，在这个年度里，哪些好书陪你走过难忘的时光？还有哪些好书你没有读到？分享你在2011年读过的好书。$LOTOzf$,literature
12月20日，校长张新义、副校长张宇声调研学校冬季供暖及饮食服务工作，在学生第三食堂查看情况并就餐。张新义与学生进行亲切交流，认真听取了学生的意见和建议，并希望学生继续以主人翁意识和责任感关注、支持学校的建设和发展，共同促进学校办学实力和核心竞争力的提升。$LOTOzf$,campus
冬天女人吃什么最养颜红枣；蜂蜜；玉颜膏；仙人粥(防老去皱)；龙眼枸杞；莲子龙眼汤(补血润肤，美白养颜)；胡桃芝麻；核桃芝麻牛奶(补脑益智滋润肌肤)；南瓜子花生猪皮；南乳花生猪手煲(丰胸美胸)。标签：$LOTOzf$,woman
【办公女性瘦腹10妙计】1、做家务收腹法；2、粗盐减肥法；3、变形的仰卧起坐；4、坐椅腹部练习操；5、问号按摩法；6、缩腹走路法；7、变相控制进食减肥；8、用脑减肥；9、游泳减肥；10、保鲜膜减肥。?喜欢美容、化妆请收听每天学点美容化妆$LOTOzf$,woman
转发微博。直播新疆：12月8号中国工程院公布了2011年增选院士名单中，新疆大学信息科学与工程学院教授吾守尔斯拉木当选新增院士。他也是我国第一位维吾尔族院士。:3转发(19)评论(3)今天11:04来自新浪微博专业版标签：,literature
今晚19：30，《天下足球》不见不散黄小猫：今晚519:30的《天下足球》将由邵圣懿为您带来，因为段暄同学生病未愈，严重飘扬下刚下火车的邵同学，真是患难时刻见真情啊转发(162)评论(81)12月5日16:42来自新浪微博,sports
这款真心美王汁中国这里网购：:6张宇:转发微博中国：甄选王汁中国设计的长款大衣，单侧大翻领与斑驳的面料呈现出神秘而感性的气质，而翻领的内衬纯色调与外侧面料呈现出层次感，宽松的廓型及优雅的款式为女性增添婉约而不张扬的知性气场。现在有售：:6原文转发原文评论$LOTOzf$,woman
12月12日晚，尤文图斯对罗马的比赛将是历史性的时刻，这场比赛是第一场采用3D技术实况转播的意甲比赛。3D视角能让球迷们更好地欣赏场上的hero，天空3D频道将从8点15分开始直播。一起来见证这一刻吧！……3D永恒？http:url.cn/2bCGiC$LOTOzf$,sports
 今天足球之夜盘点全年经典，回家补课吧$LOTOzf$让巨蟹飞:回来了，想想吃什么，党国提议吃丸子汤，主意不错，走啰,sports
倩碧三部曲超大套装六件套660元包邮！http:url.cn/42tGdN$LOTOzf$,woman
【2011年度图片大赏】一年一度的［体育画报］年终视觉巨献即将上市，敬请期待！精选2011年度“全球最佳体育图片Top40”、“年度肖像Top10”、“美国《体育画报》传奇摄影师Walter Iooss JR.五十年肖像珍藏”?? 期待各位与我们一起，用图片解读美妙的体育世界         $LOTOzf$,sports
张掖拉力赛广东体育足本50分钟版今晚广东体育重庆体育23:22播出，欢迎收看标签：$LOTOzf$,sports
成都巡警越冷越要扭武侯巡警大队的小伙子忙里偷闲组织起来打篮球标签：$LOTOzf$,sports
回复NO24_大牌子:请中奖观众通过微博私信，将电话号码告诉湖南经视《英超足球夜》，方便我们同您联系中奖事宜！ NO24_大牌子:回复 湖南经视英超足球夜:中奖了，接下来怎么办呢？电视机声音开好小的。不敢打扰别人休息，都要上班啊$LOTOzf$  湖南经视英超足球夜：今晚12点湖南经视《英超足球夜》为大家带来英超第15轮的直播：斯托克城S热刺的比赛，欢迎广大球迷踊跃留言，微博互动！转发(5)|评论(70)12月11日 23:00 来自新浪微博            ,sports
戴维斯杯20072011，五年的团体赛西班牙三次夺冠，在一个拥有纳达尔、费雷尔等众多名将的团体里也算是实至名归。$LOTOzf$,sports
涩谷109店内，拍摄美眉。看看日本小美女们冬天怎么穿？Shop名 : navana。				$LOTOzf$,woman
美白小贴士洗脸时在洗脸水中加入10滴左右的白醋，可以美白润肤，还能抑制油脂分泌。可以用维生素片（最便宜那种）两粒泡水当喷雾，肌肤会变得又嫩又白。平时要多多喝水，吃新鲜的蔬菜水果，多多保持睡眠，健康的生活方式更能赢来白皙健康的漂亮肌肤。$LOTOzf$,woman
Gucci By Gucci Pour Homme是设计师Frida Giannini推出的第一款Gucci男士香水，以此向这一品牌最具代表性的经典元素致敬，尤其是马蹄铁图案。Gucci最新男香有如James Franco般魅力十足。这款刚毅而性感的香水将多种木质香调逐一展现$LOTOzf$,woman
新出炉的新娘美甲！$LOTOzf$,woman
亚洲最大的整形连锁集团，携手韩国首尔整形集团、韩国整形外科医院，并购伊博士整形研究院，成立了徐州美莱（伊博士）美容医院，并于9月24日华丽开幕，为了展现徐州美莱（伊博士）的实力，超强的中韩专家技术，国际尖端设备和优质服务，特在9月24日开业之际，举办1元整形活动，回报徐州爱美者张何：一元整形实实在在美丽优惠毋庸质疑成就爱美女性的美丽梦想9月24日徐州美莱（伊博士）美容医院华丽开幕，从9月17日至9月23日，凡亲临徐州美莱（伊博士）现场的求美顾客，即可享受“一元整形”大优惠，按到场先后次序享受1元优惠，额满即止。伊博士整形美容医院:9原文转发原文评论,woman
李娜同志打进法网四强，表示祝贺！！！！$LOTOzf$,sports
佛山南海公开招聘大学生村官佛山南海区决定于今年12月份公开招聘200名大学生村（居）官到村（居）任职。报名时间：12月12日18日。即将毕业的师兄师姐，又是南海区户籍的可以去试一下哦珠江时报：南海公开招聘大学生村官南海区决定于今年12月份公开招聘200名大学生村（居）官到村（居）任职。报名时间：12月12日18日，上午9:0012:00，下午14:3017:00。报考岗位所在镇（街道）组织办联系方式见下图。报考人员可登录“南海一点通”（:）下载报名表。:5转发(208)评论(17)12月10日11:21来自新浪微博标签：,campus
青岛啤酒易球迷盛会希望能够让阿联看到我对他NBA生涯的祝福$LOTOzf$,sports
今年夏天，皇马主席弗洛伦蒂诺解雇了经理巴尔达诺，转而赋予主帅穆里尼奥更大的权利。不过别以为一切事宜葡萄牙人都可以做主，引进球员方面，弗洛伦蒂诺从今夏开始亲自过问，反而比过去抓的更紧了。 http:url.cn/0GeSK8  (分享自 腾讯体育 )$LOTOzf$,sports
新年寄语足球$LOTOzf$,sports
拜伦-戴维斯已经决定签约尼克斯，32岁的他还在伤病康复中，之前有报道称由于严重的椎间盘突出，戴维斯将至少缺席8-10周，但尼克斯先发控卫的重任还是吸引了他。合同最早将于当地时间周日敲定，约计为1年250万。NBA$LOTOzf$,sports
补杨健杨健刘弘刘弘你漏人了，罚你，哈哈广东文体台1077:加油刘弘：宝贵财富广东文体台1077再成长谢亮足球世界杨竹影蓬蓬何芳王枬黎俊阿楷郑丹梁永斌斌纷会梁柏翘徐詩臣转发(14)评论(4)12月12日16:34来自客户端标签：$LOTOzf$,sports
打羽毛球，请联系我。$LOTOzf$,sports
【小学学生安全教育讲稿】 http:url.cn/2RUk45$LOTOzf$,campus
今晚《天下足球》特别节目的主题曲：Nickelback - When We Stand Together，请大家先听为快。http:t.cn/SLt1Ay 康翀-天下足球        $LOTOzf$,sports
热队又成匹克主队了上周我才在和热火合作的协议签字，今天巴蒂尔又来了虎扑篮球：巴蒂尔决定加入热火助阵三巨头。就在几分钟之前，自由球员肖恩巴蒂尔()在个人推特上宣布自己将在新赛季加入迈阿密热火队。详情：:6转发(2698)评论(304)12月8日22:53来自新浪微博标签：$LOTOzf$,sports
江苏校车坠河又是交通事故，2011年整个一个交通事故年！祈福 $LOTOzf$,campus
女性成功的几点：1长得不好，就让自己有才气; 如果才气也没有，那就总是微笑。2气质是关键。如果时尚学不好，宁愿纯朴。3不要向朋友借钱。4坚持在背后说别人好话.5有人在你面前说某人坏话时，你只微笑。6不要期望所有人都喜欢你，那是不可能的.7话多必失，人多的场合少说话8尊敬不喜欢你的人。$LOTOzf$,woman
仙桃论坛羽毛球小分队即日起正式成立，大家鼓掌！~ http:url.cn/3IEko4$LOTOzf$,sports
《巨流河》，强烈推荐。在那个动荡跋涉的年代，教育和知识仍然受到极大的尊重，爱国的知识分子们强大的内心支撑着他们的信念和人生。作者对我党的评价可是不咋地，这样的书怎么顺利出版的？HEHE，，，$LOTOzf$,literature
【签林书豪火箭意图明显　双塔梦想有望实现】于是球迷肯定会有这样一个问题，为何火箭不干脆去追逐易建联呢？还要舍近求远去追林书豪，他们多此一举。理由是什么呢？  http:url.cn/0JJm4w$LOTOzf$,sports
热队又成匹克主队了上周我才在和热火合作的协议签字，今天巴蒂尔又来了虎扑篮球：巴蒂尔决定加入热火助阵三巨头。就在几分钟之前，自由球员肖恩巴蒂尔()在个人推特上宣布自己将在新赛季加入迈阿密热火队。详情：:6转发(2700)评论(304)12月8日22:53来自新浪微博标签：$LOTOzf$,sports
蜂蜜柠檬水减肥法每天早上起来，第一件事，就是空腹喝一杯蜂蜜柠檬水。柠檬可以清热减肥，美白皮肤。蜂蜜对女人的作用更不用说了。只要3天就见效了，没有任何副作用。注意：水要是冷的，不要热的，也不要温的。因为蜂蜜要冷喝才是润肠；十分钟以后再吃东西。$LOTOzf$,woman
【秋冬款品牌羽绒服背心女式中老年中年女士妈妈装马甲保暖女款大码】衣服很好穿上很舒服 http:url.cn/1cJdIL$LOTOzf$,woman
2011好书推荐诛仙$LOTOzf$,literature
2011好书推荐《穷爸爸、富爸爸》$LOTOzf$,literature
2011好书推荐最近在看《我们台湾这些年》$LOTOzf$,literature
" ||美容小秘书: 一分钟美白法之甜酒酿美白小面膜$LOTOzf$美容化妆很简单:【一分钟美白法之甜酒酿美白小面膜】原料：甜酒酿、压缩面膜；做法：甜酒酿倒在一个乾净的容器里，连米也一起倒出来。把米压碎一点，然後就可以把面膜纸放进容器里吸足够量的酒酿，敷八到十分钟就可 以了。 然後一样清水洗一下脸,，正常护肤程式即可。喜欢请收听美容化妆很简单",woman
今日课程孕期健身操（球操）强健身体和端正体态，加强身体的协调能力和配合能力。适用于身体状态不合适进行孕期瑜伽锻炼的准妈妈。形式：主要为徒手操和球操的有效结合，徒手操：不需要任何器械就可以，球操：借助瑜伽球完成一些特殊体位的练习:$LOTOzf$,woman
" 唉 || 财新网: 25日下午，俄罗斯伊尔库茨克州少年迪纳摩足球队又与北京小学比赛冠军球队南湖东园小学越野队交手。在这场历时70分钟的比赛中，东园队最终3:7负于对手（网易体育）$LOTOzf$      财新网:财新图片 【中俄小学生足球赛 中方0-15败北】10月24日，北京地坛小学足球队与俄罗斯伊尔库茨克州少年迪纳摩足球队踢了一场时长40分钟的友谊比赛，结果中国0-15被俄罗斯击败。据地坛小学杨校长介绍，俄罗斯的小球员均为""00后""，而地坛小学队员是三、四年和五、六年级的混编球队 http:url.cn/07GoOt",sports
10月16日，来长沙新东方报名国际冬令营也有优惠哦新东方国际游学：南昌新东方国际游学：2012新东方国际冬令营美国专场说明会南昌站，2011年10月16日上午9:30，象山北路149号新东方大厦三楼301教室，新东方名师、美国金牌领队李舒祺老师深情分享美国游学之旅，敬请期待。晴天：2012国际冬令营美国游学专场说明会来了想与新东方名师，美国金牌领队亲密接触吗？想深刻感受美国游学吗？10月16号上午9：3011：30象山一区301教室，我们在这等候你原文转发原文评论,campus
发表了博文《长春的广场（三）》老曹这档《流年碎影》节目曾经播出过长春著名摄影家访谈录节目，也播放过预告片，在预告片中，大家看到了许多老摄影家。可是这个节目并没有像大家期望的那样连续地播出，这:55标签：$LOTOzf$,literature
 期待NBA，期待小牛继续卫冕。太高兴了~$LOTOzf$腾讯NBA:NBA停摆结束，NBA又回来了，我爱火爆的球场，我爱篮球的魅力，我是NBA球迷！快来关注“NBA活动”吧~  2011年12月28日前，在NBA发表看法及所支持球队，即可获得勋章。  ,sports
《首席银行家》前三期赠阅活动现已结束，2012年优惠征订计划火热进行中尊敬的读者：岁末将至，前三期《首席银行家》的赠阅活动现已结束。感谢您一直以来的支持和信赖。第四期《首席银行家》伴随着新年的脚步即将来到你的案头。细心的您，肯定发现无论是形式还是内容，一期比一期精彩。标签：$LOTOzf$,literature
转发微博。高尔夫：节目预告本周四，12月8日至11日，我们将为球友们直播迪拜高尔夫世界锦标赛，直播时间为每天16点至21点。欢迎收看直播链接明天发给大家啊转发(6)评论(5)12月7日23:15来自客户端标签：,sports
今晚辽宁男篮将在主场迎战吉林队。八轮比赛过后，辽宁仅以4胜4负的成绩排名积分榜第十位，这与上赛季前八轮所取得的成绩一样。但相比今年大手笔的投入，这样的成绩很难让人满意。本轮面对实力稍逊于自己的吉林队，取胜是必须完成的任务。但竞技比赛世事难料，今日话题：辽宁男篮能否赢得东北德比。标签：$LOTOzf$,sports
斯科特荣获澳大利亚最佳球手奖，世锦赛的胜利成为重要砝码。颁奖者对其评价是：2011年是斯科特迈出最大步伐的一年，他的前景将无可限量。精彩内容，不可错过。尽在23:30《天天高尔夫》，敬请关注。标签：$LOTOzf$,sports
12月15日上午，体坛风云人物初评结果将揭晓，10个奖项的50个提名奖候选人将产生，同时将在揭晓仪式上公布颁奖盛典有关细节。,sports
201112月合刊标签：$LOTOzf$,literature
转发微博杭州绿城：12月15日上午，经过多轮艰苦谈判，杭州绿城足球俱乐部与冈田武史先生终于就执教事宜达成一致，双方在绿城俱乐部正式签约。冈田武史先生出任绿城队主教练，将率队征战2012赛季中超联赛。转发(500)评论(215)今天12:02来自新浪微博标签：$LOTOzf$,sports
中国式性感，破镜而出春光映画:男人装春光邢秦源赵芸萱张雪雪小猫春光映画：谁能成为中国式性感代言人，启程星途？谁将登上《男人装》装女郎特刊封面？谁将踏上装女郎年度盛典红毯，成为媒体宠儿？中国式性感代言人第1轮评选进行中，请即轻动手指，选出你心中的冠军转发(103)评论(23)12月3日15:02来自360安全平台,literature
2011好书推荐《怪诞行为学》$LOTOzf$,literature
送给十二星座的一封信射手座射手谈恋爱时容易胡思乱想不能忍受被忽略的感觉一点点也不能另一半不理就会自己胡思乱想一堆钻进死胡同后出不来。然后另一半一个电话又瓦解了所有了胡思乱想。想要控制却又下不了决心。表面坚强内心软弱想要占有却又怕太过火不停地自信与自卑交杂。,woman
【 《昨天下午在湖北省恩施市第一中学女寝室内发生一件怪事，所有人都不敢相信自己的眼睛，各国专家都到现场都无法解释…… （3页）》 】http:url.cn/1MdGuC$LOTOzf$,campus
欧冠 曼彻斯特双雄无缘欧冠16强，使我想起了10年前，“小世界杯”末期的意甲。意甲沦陷前，就因为内战太激烈，七豪强在内战里消耗太多精力，导致球队出征欧冠时后继乏力，所以战绩低迷，进而引发连锁反应。如今世界第一联赛正一步步按当年意甲的路在走。英超是否开始下滑？但愿我多虑了吧cc国际足球$LOTOzf$,sports
山东省昌乐二中除了把课堂的主导权给了学生，还开发了一些校本课程，让学生们在体验中得到知识的灌溉，能力的提升，友谊的巩固，其中有一个就是体育美食节，孩子们自己动手做菜，自己销售，校园内到处弥漫着菜香，一片人山人海的景象。$LOTOzf$,campus
米女疯抢的宝贝还真是不少呢，非常感谢米女的支持哟。期待收到宝贝后的晒图哟小雯：膜法世家，今天购疯了，面膜四瓶，樱桃、草莓、酒糟、金沙，蜜汁四瓶，西柚、绿豆、蓝莓、篮玉米，眼霜一瓶，面霜一瓶。到货上图哦原文转发原文评论,woman
支持国羽，最隹团队非他们莫属，大家一起顶。邹晔茶福:人群中的小鱼儿好莫名姐:都好几年候选了吧，希望这次能够荣登殿堂。也该轮到羽毛球队了，再不是，不看啦，呵呵。鲍春来:这只队伍没有问题的安踏体坛风云人物：“2011安踏体坛风云人物年度评选”体坛最佳团队奖候选：中国羽毛球队2011年苏迪曼杯羽毛球团体锦标赛冠军转发(360)评论(76)12月11日21:03来自新浪微博标签：$LOTOzf$,sports
面膜不宜天天使用否过多使用面膜，会使尚未成熟的皮肤角质失去抵御外来侵害的能力，从而导致皮肤敏感、长出暗疮；若想达到最佳效果，就应按照面膜上标明的使用周期来使用；当然，在气候特别干燥的季节可以适当多用补水面膜，而在外出旅行或在户外工作时可常用具有修复或美白功能的面膜；京城皮肤病医院：怎么延长面膜的功效越往冬天走，皮肤越发干燥；许多同学会选择敷面膜的方法来解决；但面膜的使用频率要依照面膜的机能性来衡量，不可过多使用，且敷完面膜之后，一定要再擦上具有保湿锁水效果的乳液或面霜，这样才能将面膜成分长时间留在皮肤中，发挥良好的保养成效；原文转发原文评论,woman
《上海国土资源》2011年第32卷，全年总目次标准引用版，请浏览本刊科学网博客：:49欢迎引用。标签：,literature
非常感谢东北财大财税学院的贺蕊莉教授帮我查得1954年首次出版的《新华字典》和1961年出版的《辞海（试用本）》！哪位朋友有1965年中华书局辞海编辑所出版（内部发行）的《辞海（未定稿）》，求助，多谢！$LOTOzf$,literature
"狠心女子杀夫又抛尸,远胜潘金莲。因与丈夫长期感情不和，竟与情夫合伙将丈夫杀死并抛尸。近日，公安机关将李某、王某以涉嫌故意杀人罪依法移送淮安市洪泽县检察院审查逮捕。http:url.cn/3j1151$LOTOzf$",sports
体坛风云人物今天到场的年度体坛特别贡献提名奖获奖人中，北京理工大学足球队主教练金志扬教授到场。$LOTOzf$,sports
《隐蔽者》样书！当初就是为电视剧而写，只是更需要一个扎实的故事，就先写小说再改剧本！小说的审查上来就告诉我要四审（一般是三审），因为你写的是一个双面间谍还有延安整风等敏感在里头，反而剧本电视剧的审查倒是顺顺当当的！自己认为这是写了一个革命者在国、共两大政党缝隙里成长过程的小说！$LOTOzf$,literature
转发微博。射手座网：射手是孤独的，从来不喜欢和别人抢东西，希望在身边的人都是心甘情愿的留下来。人来人往中，要射手对一个人上心不容易，初接触射手的人都被他那种不冷不热的态度吓走了。但真正走进射手心里的人，就会发现射手对人好起来是没有底线的。那些错过射手的人，损失哦。:转发(209)评论(19)12月11日13:00来自皮皮时光机,woman
齐达内：“和他一起在场上，我是观众。”卡纳瓦罗：“在他进球之前，我一直都还做得不错。”巴乔：“他死过很多次，可他依然活着。”小罗：“我和他没有可比性，他一直是我的偶像。”贝肯鲍尔：“防守他是不可能的。”卡福：“很明显，他就是足球。”$LOTOzf$,sports
中国足球0:1我们确实踢不过人家，整体实力有差距啊，谁能拯救中国足球.....$LOTOzf$,sports
回复 bayern523:在中超中甲不算亚洲外援，但打亚冠亚足联杯的比赛时算亚洲外援，跟当年的吴伟超一个性质。另外，感谢网友更正，深圳是中甲不是中超，致歉 bayern523:也算亚洲外援么				 足球报官方微博：他能说一口流利的西班牙文，但中文说得一般。他曾兼职模特，为ZARA、Gstar做模特，他被戏称为模特里踢球踢得最好的，有消息说指萨拉曼卡市长女儿曾追他，他被成为宝岛C罗，他就是周子轩。现在正在深圳红钻试训的他，有望成为第一个在中超踢球的台湾地区球员。http:t.cn/Scvffk http:t.cn/Sc2lQn原文转发|原文评论 $LOTOzf$,sports
伽美美丽微课堂除皱的方法有很多，激光除皱手术就是其中的一种，激光除皱手术正是针对皱纹产生的原因而研制的一种治疗方法，激光除皱的作用原理是，通过激光扫描，激光的热效应使胶原蛋白再生，新的胶原蛋白有序排列，数量增多，从而增加皮肤的弹性，使皱纹减少或消失，恢复皮肤往日的神采。$LOTOzf$,woman
李鹏之女上榜全球商界女性50强。综合媒体11月16日报道，“英国《金融时报》2011年全球商界女性50强”榜单正式揭开面纱。中国前总理李鹏之女、中国电力投资集团公司副总经理兼中国电力国际有限公司董事长李小琳排名第21。$LOTOzf$,woman
最佳射手穆里奇，姜宁代表穆里奇领奖，容志行颁奖,sports
今天在釜山下场，好久没打球了，99杆标签：,sports
转发微博诗人于洛生：一口气看完阿瑟克拉克的科幻小说《拉玛二号》，还沉浸在那座外星人的宇航城市，没有走出来，周围是巨大的圆柱状穹顶，六条条状的拉玛太阳，以及各种几何形状的建筑。对话和情节非常精彩，作者已经写得非常好了，但我觉得，它还没有充分表达宇宙的神秘与无限可能性，我将在《银河》系列科幻中发起挑战。转发(14)评论(6)12月8日22:35来自新浪微博标签：$LOTOzf$,literature
转发微博艺考咨询与培训：2012年山西广播电视编导艺考时间及考点安排原文转发原文评论$LOTOzf$,campus
【真实】编辑赠送来新书《裸演说》，书中这句“表达真实的自己比什么都重要”--铃木俊隆   ，真实越发珍贵$LOTOzf$,literature
转发微博北京电影学院：本科招生北京电影学院2012年本科招生简章:简章纸质版以及修订的本科招生《专业介绍与考试指南》已印制完成，即日起办理售购（见附件2）。请考生注意：我院2012年本科招生专业考试各专业方向均采取网上报名加现场确认的方式。请考生认真研读简章，照要求在网上认真填写报名信息转发(49)评论(34)12月13日11:44来自新浪微博标签：$LOTOzf$,campus
上海交大新生杯篮球赛上，经管学院男子篮球队凭借2011级新生姚明同学的神勇发挥以场均净胜对手85.5分的巨大优势轻松夺冠。姚明同学也以场均82.5分、45.6次封盖的表现获得赛事MP。$LOTOzf$,sports
除皱的效果祛鱼尾纹，是通过生物制剂的注射阻断皱纹肌肤神经，与肌肉间的神经信号传递，收缩的肌肉松弛，进而使动态性皱纹消失，达到平皱的目的。祛除鱼尾纹治疗后的眼部肌肉，可保持平滑且不会形成皱纹，因此不会影响正常的眼部表情。:6$LOTOzf$,woman
《为什么是周鸿祎》、《Bada边缘化宿命》、《三菱中国加速复活》、《解密“国家煤库”》、《铁矿石谈判停摆之后》、《TCL：没有把握的屏战》、《专访克拉玛依市市长陈新发》、《王健仪：王老吉传人“挺红”》、《万隆：致命时刻》、《董长征：闯进丰田高层》——经信杂志第7期http:url.cn/27DNh1$LOTOzf$,literature
转发微博				 国际在线新闻：【网曝河南塔沟武校教练当众暴打学生】网友报料，河南某知名武校有教练持棍打学生。网友公布的照片显示，3名学生被当众殴打。涉事学生的背后、臀部、大腿等部位被棍棒打得淤紫发青，甚至皮破血流。网友纷纷指涉事学校是登封市塔沟武校。http:t.cn/StF1dT原文转发|原文评论 $LOTOzf$,campus
阿森纳5比3吃掉了切尔西，曼联8比2猎食阿森纳、曼城6比1煮了曼联，蓝军完成最后串联，21吃掉曼城，这个食物链还不错诶体育：英超赛事联播第15轮精彩十佳球依然范佩西世界波鲁尼凌空扫射更多精彩尽在体育:6转发(19)评论(5)12月13日11:17来自新浪微博标签：$LOTOzf$,sports
楚天体育大话国足卡马乔并没有表现出过人之处，如果国足非要定调为西班牙风格，必须换主教练。$LOTOzf$,sports
今天上午10：30开始在体育场东门陕西宝荣浐灞足球俱乐部官方售票亭销售中超联赛第30轮陕西人和同青岛中能比赛球票。比赛时间为11月2号（周三）15:30。,sports
你喜欢圆脸还是瓜子脸呢？时尚瘦身：瓜子脸已经，圆脸才是王道1、圆脸是福相脸，家里的老人最喜欢。2、穿衣服很可爱。3、男人最爱的旺夫脸。4、胖点皮肤才有光泽。5、有亲切感男人喜欢。6、娃娃脸显年轻。圆圆脸的转起原文转发原文评论$LOTOzf$,woman
2012年春运学生票集中办理工作将于明天起进行，北京各大专院校可通过12306网站集中提交学生票订单。与往年不同的还有，学生票全部实行实名制。同时，记者从铁道部获悉，龙年春运时间为2012年1月8日到2月... http:url.cn/4Z6SuE  (分享自 腾讯新闻 )$LOTOzf$,campus
【必学！简单瘦腿方法】这三个瘦腿法，被台湾知名网站收录，竟6次登上该网站首页作为推荐图文，备受追捧。详情：http:url.cn/1Ecb4B$LOTOzf$,woman
《俪人闺房》2012年1期，即将上市，敬请关注！！！        $LOTOzf$,literature
《北方药学》月刊，现征2012年2期稿件，预计1月15日截稿，欢迎来稿，电子邮箱：163，一个星期未见回复，来电咨询。中国知网、万方数据库、维普资讯均可全文搜索。标签：$LOTOzf$,literature
《艺周刊李广明专刊》即将出版，敬请期待,literature
 昨天晚上说的这个消息，保罗交易第二次喊停！难道大卫真的想留住保罗在黄蜂，2012赛季将黄蜂找个好东家，解除联盟托管的局面？？$LOTOzf$      SEO-杨廉琨:保罗去快船，但我断言，2013夏天保罗会出现在湖人的训练营。大卫阻止湖人与黄蜂交易，由于压力他不得不松口让保罗离开，总不能去湖人吧？所以选择洛杉矶另一球场，而保罗的合同是2013年夏天可跳出合同成自由人，到2013年保罗第一选定是湖人，到时同城交易联盟不能干涉！这更解释湖人为何会送走奥多姆！,sports
天天看穿越小说，看的马桶都像穿越的洞。$LOTOzf$,literature
体坛风云人物今天到场的年度体坛特别贡献提名奖获奖人中，北京理工大学足球队主教练金志扬教授到场。				$LOTOzf$,sports
想买女人的围巾送给母亲(圣诞节礼物)。线上还是在深圳哪里买好货？Christmas$LOTOzf$,woman
互动小百科：中国明星队助阵大五联赛  11月13日，“2011-2012特步中国大学生五人制足球联赛”开…… http:url.cn/28WDtz$LOTOzf$,sports
“西安，我的神啊”，新书发布会，活着的时尚古都。西安市雁塔区 - 地图展示$LOTOzf$,literature
 || 国际足球: 梅西 在球场上的表现证明这个奖项完全是实至名归。CC腾讯体育$LOTOzf$      梅西:Anoche me entregaron el premio mas importante que da el deporte argentino. El Olimpia de Oro. Gracias a todos./昨晚，人们将阿根廷体育界最重要的奖项——奥林匹亚金奖——颁给了我。感谢所有人 [译],sports
活力梦琪:江铠同微博:伊丽莎白：中关村购物中心偶遇自然堂美女江铠同微博自然堂刘转发(88)评论(30)12月10日17:51来自客户端标签：$LOTOzf$,woman
科比260秒3分秀吓傻三分王 86投67中状态极佳  http:url.cn/2qPbmq  (分享自 腾讯体育 )$LOTOzf$,sports
《球迷》报立足全国，放眼世界，报道翔实、准确、客观、公正，具有权威性。《球迷》报利用各种手段，以最快速度，翔实地报道和评价国内外重大赛事战况，报道球星、名将、教练员的训练、生活帮助球迷开阔眼界，丰富球迷生活，振奋民族精神。标签：$LOTOzf$,sports
 || 瘦身小秘书:大腿内侧减肥动作，很适合睡前做哦~~~$LOTOzf$      瘦身小秘书:【大腿内侧减肥动作】1.双腿的脚踝部夹住枕头、挤压。俯卧在床上，用手腕支撑下颚，双腿的脚踝夹住枕头，合力向内侧挤压。2.弯曲双膝、挤压，此一动作要领为用力挤压枕头，做15次为一组动作，共做1－3组。>>>苦于瘦身，立刻收听瘦身小秘书,woman
【多芬极致丝滑芬芳身体润肤乳】含多种尊贵浓厚乳液滋润精华成分，使用后肌肤就像天鹅绒一般柔嫩丝滑，光泽有弹性！配合柔美优雅的芳香香型，使您沐浴后轻松愉悦，散发阵阵迷人香味！http:url.cn/4RyhCy$LOTOzf$,woman
姚明，一代中国篮球的领军人物正式退役，祝福他吧$LOTOzf$,sports
今天WCG各大项目捷报频传，特别是魔兽，CF还有LOL非常有夺冠潜力。中国队这次有机会冲击WCG国家杯了，如果今年拿下国家杯，明年WCG世界总决赛在中国办，我们中国队要开始守护国家杯。$LOTOzf$,sports
2011好书推荐有关于工作实战类的书籍多一点，闲暇时间读南派三叔 的《盗墓笔记》、朱金泰的《赶尸笔记》。$LOTOzf$,literature
今晚19：30《天下足球》直播互动话题：2012欧洲杯，谁能进入八强。组(波兰、希腊、俄罗斯、捷克)；组(荷兰、丹麦、德国、葡萄牙)；组(西班牙、意大利、爱尔兰、克罗地亚)；组(乌克兰、瑞典、法国、英格兰)。欢迎积极留言，我们将选择您的精彩留言与全国观众分享。标签：$LOTOzf$,sports
今天的《冠军欧洲》是在中午12：30播出哦冠军欧洲：《冠军欧洲》本期精彩内容：小组赛大幕落下，16强席位尘埃落定，巴塞尔再次扮演英超杀手，红魔客场爆冷，曼彻斯特双雄双双出局；中央陆军客场绝杀晋级；曼城获胜无力回天，皇马全胜晋级，里昂上演萨格勒布疯狂夜，戈米大四喜奉送球队晋级，本期特别企划：16强出线之路、小组赛20大精彩进球。转发(57)评论(12)12月8日10:46来自新浪微博标签：,sports
2011好书推荐茅侃侃 非他的书不可了~$LOTOzf$,literature
曼联2200万突袭赫迪拉 皇马卖他谁保驾阿隆索  http:url.cn/086c5h  (分享自 腾讯体育 )$LOTOzf$,sports
向滕泰提问谢谢大家今天如此热烈的访谈，通胀与我们每个人的生活息息相关，希望大家关注我的新书《滕泰透视通胀》（当当链接http:url.cn/2LcQ9h ）彻底告别非理性的通胀恐惧，让政策不再放大经济的颠簸，祝愿投资者早日走出熊市的煎熬。$LOTOzf$,literature
注射除皱针时会疼吗？其他产品注射会产生难以忍受的疼痛，除皱针中含有微量的利多卡因以减轻注射过程中的疼痛，注射过程只有非常轻微的疼痛感。另外，除皱针的胶原蛋白具有帮助凝血作用，极少产生淤血现象。一般注射后就可以出门。其他产品容易产生淤斑，而且时间较长。让人难以接受。,woman
内马尔向瓜帅表示自己想为巴萨(微博 巴塞罗那足球俱乐部听众：274681人  收听已收听最新消息 2011年12月18日 23:10巴塞罗那足球俱乐部历史性的第二次夺得$LOTOzf$,sports
12月11日，亚洲新派美肤专家田鹏飞主任高科美肤讲坛第二季在安徽韩美整形外科医院正式启动，届时将解析女性常见的各种色素性皮肤问题及冬季皮肤养护注意事项，并现场展示全球顶尖光学美肤设备的震撼实力，帮助爱美女性实现拥有无暇美肌的梦想。互听大队整形美容$LOTOzf$,woman
转发微博幻剑书盟官方微博：悬疑小说《谋杀似水年华》你看了么？与作家面对面的机会别错过，如果感兴趣，就告诉大家吧。，只要进入:，点击：我感兴趣，瞬间找到志同道合的朋友不要犹豫啦，若你爱，请说出蔡骏本周五12：30张家港大学城等着你转发(29)评论(10)12月7日20:20来自新浪微博标签：$LOTOzf$,literature
18年来，球迷报与中国体育，与中国足球风雨同舟，荣辱与共，在中国体育和中国足球的历次重大事件中发挥重要作用。球迷报也因其报道客观、内容真实丰富、贴近球迷，在国内有着非常广泛的影响力，在读者中有着很好的声誉。,literature
精彩节目推荐聊斋夜话畅谈中国足球$LOTOzf$  福州明珠网：福州网络电视台 12月25日 《聊斋夜话》：中国足坛昔日黑幕 世界上最受欢迎的运动是什么？足球；世界上最糟糕的运动又是什么？中国足球。中国足坛打假反赌轰轰烈烈，昔日足坛大佬纷纷出庭受审。今晚十点，福州一套，与您聊聊中国足坛昔日黑幕，各种雷人搞笑滑层出不穷，不可错过。http:t.cn/SMzcCT    转发(1)|评论12月26日 15:28 来自新浪微博            ,sports
 皇马已经够强，可是，为神马一遇到巴萨就会输，为神马啊为神马！！  $LOTOzf$      滨岩:穆里尼奥：不喜欢第一个进球，那是一个不小心进球，不是技术进球，球队接下来就有些木讷了。,sports
用心用情给力校园足球，让我们一起行动起来！足球报专题报道校园足球：http:url.cn/2GwAw   /蒋万鹏 中国校园足球官网 曾丹 朱蓓倩 刘盼盼$LOTOzf$,sports
丽颜自制柠檬蜂蜜水美白养颜：1、柠檬切成薄片，以一层柠檬一层蜂蜜的方式放入罐子或密封瓶中。2、拧紧瓶盖，放入冰箱中冷藏5-7天。每天早上或下午3、4点皮肤缺水的时候饮用最好，祛斑美白、排除毒素、还可防辐射哦~$LOTOzf$,woman
陈思进撰写的《金融让谁富有》一书去年由中信出版社出版，据说该书揭开了华尔街金融机器掠夺全球财富的真实面目，而我更关心的是：中国金融让谁富有？$LOTOzf$,literature
热烈庆祝第二届“北医杯”乒乓球赛预赛圆满结束！健儿们好好休息，共同期待9月23号的决赛吧！				$LOTOzf$,sports
上海新闻出版局反馈《上海国土资源》编校质量检查结果，本刊受检的2011年第1期，差错率为万分之12。终评结果待日后正式公布。标签：,literature
本期足球之夜，为你详细梳理陕西人和队南迁贵州的前因后果、呈现西安球迷挽留球队的感人场景，为你播出冠军教练李章洙的铁面与柔情、展示他带领广州恒大2011赛季的冠军征程。请登录：:1收看$LOTOzf$,sports
本期足球之夜将于18：35与大家见面。本期有奖互动问答题：大连队最近一次获得中国顶级联赛冠军是在：1、2005赛季；2、2006赛季。欢迎大家通过手机短信与节目互动，有机会获得精品足球奖品。$LOTOzf$,sports
我问邓华德我想问下您，对于哈达迪您赛前准备了几套战术来对付这个家伙。谁会主要承担起防守哈达迪的重任呢，是苏伟还是易建联？$LOTOzf$,sports
风云足球本周末直播预告：16日18：4520112012赛季欧冠16强抽强仪式17日17：30五人制甲级联赛第10轮浙江黄龙三大湖大武汉地龙22：30弗赖堡多特蒙德18日05：00塞维利亚皇家马德里22：30凯泽斯劳滕汉诺威9619日00：30门兴格拉德巴赫美因茨标签：$LOTOzf$,sports
西班牙似乎不适合打传中，先天缺陷，老老实实打短传渗透吧$LOTOzf$,sports
转发微博上海发布：上海国际马拉松赛周日开跑，大家留心沿途临时交通管制上海新闻上海国际马拉松赛明早（周日）7:30在外滩起跑，经南浦大桥，直奔东方体育中心。由于涉及范围较广，多条道路临时交通管制，不少公交线路也会调整。具体信息详见附图和链接。五星体育7：15起也会直播:4转发(408)评论(69)12月3日16:38来自新浪微博专业版标签：$LOTOzf$,sports
五大瘦臀法宝1、爬楼梯：紧实臀部；2、推墙：双腿并拢，双手撑墙，腿打直，臀部先向外伸，再朝墙靠；3、立姿蹲举：臀部往下蹲，使大腿与小腿成90度，再站直；4、前后步蹲举：两脚成前后步，下蹲，大小腿成90度；5、金鸡独立：一脚站直，另一脚在空中向后伸展。$LOTOzf$,woman
为了进一步了解我国长江淡水豚的生存环境和现状，提高大学生保护淡水豚的意识，12月9日上午，我校青年志愿者协会组织了近二十名志愿者并在校团委郭超老师的带领下参观了铜陵淡水豚国家级自然保护区。上午9时左右，志愿者们到达了铜陵淡水豚国家级自然保护区，在科研室:5标签：$LOTOzf$,campus
3月25日，大学生科技创新基地揭牌仪式在地质过程与矿产资源国家重点实验室举行。校长张锦高、校党委副书记傅安洲及有关职能部门负责人参加了揭牌仪式。大学生科技创新基地的挂牌为允许和鼓励具有创新潜质的本科生及早进入教师课题、进入实验室提供了更好的成长平台。				$LOTOzf$,campus
巴黎欧莱雅清润保湿礼袋三件套装，58折全国包邮拉手网女性时尚频道：今日推荐品牌授权，专柜正品巴黎欧莱雅清润保湿礼袋三件套装，58折全国包邮:7原文转发原文评论$LOTOzf$,woman
腾讯读书:政治与历史夹缝中的人性悲歌】严歌苓 因其对中国二十世纪历史的精到把握而直接触摸到历史的最底层最细处，进而用最大胆的笔触，直逼了人类精神的灰色地带，用最温情的回眸，抚摸了岁月带给爱情的伤痕。她的作品被称为“近年来艺术性最讲究的作品”——姬小琴        $LOTOzf$,literature
北京时间12月27日，来自《马卡报》的消息称，一但穆里尼奥离开皇马(微博 数据) ，银河战舰将力邀现任德国国家队主帅勒夫接过教鞭。 http:url.cn/0QGcKh  (分享自 腾讯体育 )$LOTOzf$,sports
我还没有学会游泳。。。$LOTOzf$,sports
罗，你丫难道是赌球了。。。。。。。。。。。。。。。。。。。。。。。。。。。。。。。。。。。。。。。。。。。。皇马新闻：64罗错过全场第二个好机会，头球点偏转发(76)评论(63)12月11日06:23来自新浪微博标签：,sports
93焦点【温州再现“黑校车”】近日，温州柳市交警中队查获2辆超载学生接送车：【浙CEY041】核载19人，却坐了45名学生，属于严重超载。【浙CE6586】核载19人，却坐了33名学生。这两辆校车分别属于柳市民工子弟学校和柳市前进希望小学两所学校。据悉，“民办学校”、“黑校”无证校车普遍超载。$LOTOzf$,campus
彭焱焱:其实中国球员要成长必须要尽快成为真正巡回赛的球员。而且要避免一切以奥运为主，高尔夫球毕竟是一个职业体育项目。世界高尔夫：分享图片高尔夫世界杯梁文冲张新军，一个经过多年努力，逐渐完善了个人团队彭焱焱；一个背靠国家队支持，快速成长；哪个更有利于球员的长远发展呢？如果张新军这么迅猛地打下去，该和国家队谈谈“涨工资”了吧转发(25)评论(14)11月27日16:13来自新浪微博,sports
404期封面夏娜&露易丝，海报《罪恶皇冠》。特别企划：欢迎收看HERO T ——超级英雄豪华特辑。红人馆：只属于紫苑和老鼠的现代童话——《N0.6》你所不知道的儿童文学。$LOTOzf$,literature
【北京一师附小启用新能源校舍】昨日（8月29日）上午，北京一师附小的孩子们返校，走进刚刚完工的新校舍来熟悉校园。孩子们惊喜地发现，新校舍不仅面积比旧校舍增加了一倍多，还使用了很多环保设施。http:url.cn/4k3K3$LOTOzf$,campus
[明年北化工招72名艺术生]北京化工大学介绍，该校2012年舞蹈、声乐等5类项目计划招收72名艺术特长生。该校明年招收的艺术特长生项目包括舞蹈、声乐、器乐、书法和绘画等5类。符合条件的考生要在12月21日前登录学校本科招生网的艺术特长生招生报名系统报名。http:t.cn/Stwjf				$LOTOzf$,campus
“圆梦2011”公考高校行大型公务员讲座——民族大学站 http:t.cn/h4Cajg				$LOTOzf$,campus
德国诗人海涅诞辰德国诗人海涅1797年12月13日出生，28岁时他把早期的抒情诗汇集在一起题名《歌集》在汉堡出版，引起轰动，从此奠定了他在文坛上的地位。海涅的抒情诗和游记，大都抒写他的个人经历、感受和憧憬，感增真挚，语言优美，并具有明显的浪漫主义色彩。他的许多抒情诗被谱成乐曲，广为流传。$LOTOzf$,literature
知名百货原价990元，拉手网一瓶只需99元女孩们，冬天想要水嫩肌肤，就要靠小瑞士绵羊纯净乳液300让肌肤保有水嫩嫩感，向乾燥、乾痒限时抢购中:586组以上免运，赶紧掀团一起买,woman
有爱就有希望佛光精舍：顶秀香郡酒楼顶秀美泉小镇顶秀美泉小镇商业陈宇于浩孟小莺波特威老实念沈明君七月未央足球女孩11付0525乾金西北开:永远原文转发原文评论$LOTOzf$,sports
轻音乐友刊大招聘注意啦有兴趣的留意下,literature
谁送我一套亦舒全集呢，在这个初冬的傍晚，突然想读小说了。  大雨转小雨转阴   星期二$LOTOzf$,literature
《生活家》家居别墅设计：舍得是一门学问黄治东：全国优秀设计师、武汉市十大新锐设计师、嘉禾装饰汉口总部首席设计师。标签：$LOTOzf$,literature
【橄榄油如何护发，好头发小编告诉你橄榄油护发的方法 - 好头发网】 http:url.cn/27N5WG$LOTOzf$,woman
免费赢取兰蔻新品双层眼霜！超推荐！ http:t.cn/St6UAo 二丫网美妆分享社				$LOTOzf$,woman
中国男足世界排名：98年37位，01年54位，10年87位，今年小组赛毫无悬念地要被突突了。女足在被市场化后也坠入红尘。如今基本男不男，女不女。相比之下，A股非常地威武，今天以明确无误的上涨表明，怎么也比男足强，再熊也分得出公母。$LOTOzf$,sports
"【金价跌2.8% 触及七周低点】- 黄金期货周一下跌近3%，受美元走高以及评级机构对上周欧洲主权债务峰会的负面言论所拖累。纽约商交所二月黄金期货合约结算价跌48.60美元，至每盎司1,668.20美元，跌幅2.8%。$LOTOzf$",sports
【清凉海带瘦身法】 这是一种有效的瘦身方法，海带含海带素为多糖类，海带多糖与肝素相似，有降低血脂的作用。其所含的多种矿物质、微量元素等，能减少人体摄入动物脂肪在心脏、血管、肠壁上的沉积。肥胖的人一个月吃l~1.5千克海带能达到理想的减肥效果。减肥瘦身减肥_丰胸_护肤_美容(*83689591)$LOTOzf$,woman
 嗯，篮球迷，可惜好久没打球了。今晚杭州体育馆爆满.||豆豆: 在现场呀 || 石头_王磊: 牟总，CBA迷啊$LOTOzf$      牟一明:cba杭州赛场广厦对新疆高大德杭州市上城区 - 地图展示,sports
今晚19：30《天下足球》直播互动话题：国家德比，巴萨取胜的关键之处？欢迎积极留言，我们将选择您的精彩留言与全国观众分享。,sports
南山体操备战会议，总结了东京比赛，强化了信心，看到了不足，鞭策了教练，是一次承上启下，继往开来的会议，对备战伦敦奥运会具有重大意义。标签：$LOTOzf$,sports
http:url.cn/47AevH 小店经营MG，我的美丽日记，我的心肌面膜，BB霜、另十片面膜包邮.$LOTOzf$,woman
甘婷婷《被遗弃的秘密》首播 潘金莲林黛玉斗法  http:url.cn/3SMaS3  (分享自 腾讯娱乐 )$LOTOzf$,sports
大家早上好，今天晚上七点半新疆沃尔沃男篮在客场挑战上海队，邓华德带过的两支队伍都会有怎样的表现，邓指导是否有真正的战术，是否不再让新疆2000万球迷失望，是否能带领我们的西北战车真正的迈开冲冠的铁骑步伐，让我们拭目以待关注，关注新疆沃尔沃男篮，关注新疆体育健康频道$LOTOzf$,sports
【荔枝伊甸园·“心动”快报】质朴女嘉宾来报到，外貌平庸却执着为爱。新时代石油工人帅气又踏实，打动陈娇，幸福牵手。还有超帅型男够时尚、爱摇滚，清华外籍教师谈文化差异，更有男嘉宾对乐嘉大胆表白哦。错过这期，就快来“补课”吧！				$LOTOzf$,woman
【一根香蕉的10大神奇功效】①防治胃肠溃疡；②治疗皮肤瘙痒症；③降低胆固醇血清；④治疗高血压；⑤治疗忧郁症；⑥治疗咳嗽；⑦治疗痔疮及便血；⑧减肥；⑨解酒；⑩美容。$LOTOzf$,woman
读者电联订阅杂志事宜，赶紧把这个优惠活动推荐给了她，皆大欢喜中尹莉芳亲子杂志社：12月20日截止，需要订阅《亲子》的妈妈们抓紧了。网络订阅送时尚妈咪包和电子书:转发(1)评论今天16:02来自微博桌面标签：$LOTOzf$,literature
求证实每天洗脸时加几点白醋，既保湿又美白，还省钱，一举三得$LOTOzf$,woman
散打是一项危险的运动，在中国比赛更是危险，而在国外每场比赛之前，选手都会被仔细的检察身体状况和签订高额的保险合同。散打选手上官鹏飞被KO已昏迷37天 脑细胞逐渐死亡(图)  http:url.cn/3xTtq2  (分享自 腾讯体育 )$LOTOzf$,sports
【一个被13所学校开除过的学生的忏悔.太感人了。】|| 遗忘过去 :||稍息:||′宅男 ╮:看完这个视频感触很深啊，我也想回到父母的身边去了，大家都分享给你身边的朋友吧！  http:url.cn/1pIX2c                收起一个被13所学校开除过的学生的忏悔.太感人...$LOTOzf$,campus
科比致命失误绝杀遭封盖 公牛神奇逆转胜湖人  http:url.cn/3YmNP  (分享自 腾讯体育 )$LOTOzf$,sports
《羽毛球》杂志的老朋友$LOTOzf$  羽毛球杂志张颖：自学英法日俄四国语言的电力翻译家庄老88岁高龄，还在坚持羽毛球锻炼。他告诉我老伴一周前刚刚去世，打击巨大，但他有老年队的一些朋友在一起打球，心情就好了很多。庄老每次骑电动车四十分钟到球馆，省下一万元捐给了相伴了二十五年的老年队。…含泪写下此微薄，恳请大家一起祝福我的老朋友健康长寿！    转发(50)|评论(10)12月16日 12:01 来自iPhone客户端            ,sports
五款养颜甜品去痘印：薄荷冰糖热水冲泡冷藏后放入柠檬片除面部萎黄：薏米黄豆冷水浸泡5小时、榨浆煮沸、放糖和葡萄糖内脂搅拌静置改善黯沉：西米煮10分钟后过凉水，椰奶煮沸加山药、晾至室温加西米、荔枝、白糖美白红润：玫瑰茄、玫瑰、冰糖热水冲泡淡化色斑：西红柿、柠檬榨汁加蜂蜜。标签：$LOTOzf$,woman
2011好书推荐别说了，都闹书荒呢。月关的新书《锦衣夜行》还是不错的，本来打算养完本再看呢，忍不住开始追了。$LOTOzf$,literature
《读药》第60期：高尔泰《寻找家园》 - 北岛评高尔泰：高尔泰的故事把我们带回历史的迷雾中，和他一起目击了人的倾轧、屈服、扭曲和抗争，目击了生命的脆弱和复杂，目击了宏大的事件中流血的细节。他的文字炉火纯青，朴实而细腻，融合了画家的直觉和哲学家的智慧。... http:url.cn/46CQyY$LOTOzf$,literature
内衣新品随着复古风潮的盛行，源自英国维多利亚时期的自然、优雅、含蓄、高贵等特点的灵感，国际顶尖设计师采用1920世纪备受欧洲贵族喜爱的千鸟格纹刺绣图案，以良好的撞接剪裁以及简洁修身的设计，来体现穿着者内在自然优雅的贵族气质。:85$LOTOzf$,woman
城运会刘鹏颁奖10月24日，第七届全国城市运动会游泳项目男子1500米自由泳颁奖仪式在江西省奥体中心举行，国家体育总局局长刘鹏为冠军得主、宁波选手汪顺颁奖。新华社记者宋为伟摄,sports
本周又一本好书下印刷厂了，五年畅销了五十万册的言情小说，绝对的经典！《曾有一个人爱我如生命》完美纪念版，五万字全新内容，重新演绎言情经典！这个封面全部调整的比以前更好看了有木有！和岩井俊二，安妮宝贝，宇田多光，亦舒一起阅读最完美的初恋纪念读物有木有！林心如工作室想拍摄电视剧的好书$LOTOzf$,literature
韩佳人真的是编辑眼中的大美女，五官完美到无可挑剔。大眼睛高鼻梁，完美的圆脸和下巴，编辑一度以为韩佳人又大又黑的眼珠是天生的呢，直到发现了这张照片。不过韩佳人本来眼睛就很大，加上美瞳之后也不觉得太恐怖。编辑点评：戴美瞳时不要选择黑色系，那样会让眼睛看起来很假。:1,woman
 || NBA: 球衣的风格就像球队的球风一样，希望今年马刺能有所作为~~~ $LOTOzf$      NBA会员:NBA经典球衣格文的黑色马刺球衣。对于简约风格有特殊偏爱的lz来说，这款球衣和现在的马刺球衣不同，没有任何不必要的装饰，简洁大方，在70年的联盟里，这样的设计简直酷毙了。NBA会员http:url.cn/1MiD8S,sports
 紫薯营养价值很高啊 || 秦奋: 微致谢我代表习副主席家乡--富平的农民大伯感谢大家，转发扩散帮助滞销卖难的薯农渡过难关。叩谢哦！ || 羽毛球黄华: 一言为定！代言紫薯！  || 石俊荣: 给您送一拖拉机，您给免费代言到春节前？$LOTOzf$      秦奋:【富平60万斤紫薯滞销待售】这两天，渭南富平县薛镇的许多红薯种植户心急如焚，已收获一个月多的红薯因为没有销路堆在家中、埋在地里。为了减少损失，一些种植户只好把红薯以两三毛钱的低价送往周边的粉条厂做粉条，希望让更多人尤其是需要紫薯的客商知道这里有优质紫薯，帮助他们渡过难关。 求扩散！,sports
口头协议达成！保罗去湖人 钻石马丁换加索尔  http:url.cn/2RzhRU  (分享自 腾讯体育 )$LOTOzf$,sports
城运会跳发10月25日，在江西南昌举行的第七届全国城市运动会网球男子单打决赛上，中国香港选手杨柏朗0比2不敌武汉选手宁宇清，获得亚军。新华社记者金良快摄标签：$LOTOzf$,sports
除皱针的优势特点是什么？除皱针特点：能促进胶原蛋白不断再生，使除皱效果持久；除皱针的组成成份安全，已获得全球各大权威机构认证；无须外科手术，无痛苦，无痕迹；微球大小精确，组织柔软无硬结；与人体胶原蛋白结合，填充饱满面部年轻化；注射过程只需几分钟，效果即刻呈现。,woman
蒂加纳周六抵沪签约申花高层明确表示：“蒂加纳将于本周六抵达上海，和申花完成签约，而蒂加纳的合同为期一年。在双方完成签约后，俱乐部方面将安排蒂加纳和上海媒体正式见面。”标签：$LOTOzf$,sports
乒乓球的“用途”貌似越来越多了。。。前几天小编们还在说用乒乓球自己在家滚彩票数字。。。你们还用乒乓球干过啥？赶紧来交代交代广汽丰田：逸生活致精彩这里有23个乒乓球，同时也代表着逸致是拥有了23个储物格。车友们需将这些乒乓球放到逸致的储物格中，谁找到最多谁就胜出。如果是你，能够找到多少呢？转发(55)评论(50)12月13日17:36来自新浪微博标签：$LOTOzf$,sports
第四节有奖竞猜：NBA篮球星期天的主持人先后有几位？        $LOTOzf$,sports
消除鱼尾纹的方法注射美容祛皱；激光消除鱼尾纹：激光祛鱼尾纹有效改善面部皮肤松弛、祛除深层皱纹，使面部整体提升，经过一个疗程的激光祛鱼尾纹治疗后，皱纹平均可减退3555；拉皮法：手术方法是提紧颞部皮肤，同时将眼轮匝肌外侧缘分离出来，缝合于一个平展的位置上。此方法效果好。$LOTOzf$,woman
 教你怎样挑选适合你自己的香水？$LOTOzf$金牛座秘籍:【教你怎样挑选适合你自己的香水？】字数太多，用图片发表，手机上网先转发留存吧，嘿嘿 很有用哦~！。—喜欢收听金牛座秘籍,woman
中国足协纪律委员会昨日公布了对全国第七届城市运动会男子足球乙组决赛西安代表队助理教练员王珂违规违纪的处罚决定，对其禁赛一年。中国足协对于净化青少年足球赛场风气的决心不会改变，明年将会出台更加严厉的青少年赛事赛风赛纪管理办法。:标签：$LOTOzf$,sports
周四泰达集中，晚上21：40《体坛新视野》将为您带来有关泰达的最新消息。标签：$LOTOzf$,sports
意大利回家了吗？怎么每支队看起来都像意大利队。决赛时会不会双方都不过半场，聊120分钟天，然后点球了事？转发标签：,sports
【全美前十“牛校”出炉】稳居前三的依然是哈佛、普林斯顿和耶鲁；哥伦比亚排名第四，芝加哥连升3位，与加州理工、麻省理工、斯坦福、宾夕法尼亚四所学校并列第五，杜克无奈顺延第十垫底。$LOTOzf$,campus
 我要看NBA我要看NBA我要看NBA我要看NBA我要看NBA.. 一群衰boss，诅咒你们下辈子做篮球！！ $LOTOzf$      詹玲:老乡！U R the chosen one！,sports
更正“昨天（24日）七城会男子足球甲组决赛进行了最后一个比赛日，最终青岛1:0战胜广州获得冠军；成都1：0胜杭州获得季军。总名次：第1名青岛；第2名广州；第3名成都；第4名杭州；第5名天津东丽；第6名大连；第7名沈阳市；第8名武汉市；第9名乌鲁木齐；第10名南京；第11名北京东城；第12名吉林标签：$LOTOzf$,sports
节目预告：12月15日09:45足球100分12:40步步为赢节节高升14:20直播世界智力运动会17:45国际残奥委会2011年全会闭幕式18:20直播世界俱乐部杯（阿尔萨德巴塞罗那）20:30英超集锦21:25直播天天体育22:20快乐健身一箩筐标签：$LOTOzf$,sports
由上海东方广播有限公司主办、东方都市广播承办、联想乐全程赞助的大型都市女性选秀活动“上海辣妈总决赛暨颁奖盛典”2011年12月18日14:00在上海浦东正大广场3黄金大道精彩上演，东方都市广播（899792）、腾讯视频、看看新闻网同步直播。强大评委阵容，敬请期待标签：$LOTOzf$,woman
【简单6步 教你画内眼线】①抬起眼皮，用眼线笔从眼尾开始描绘。②前眼角向中间描绘，与眼尾处相连。③用眼线笔在眼线液上覆盖，使眼线变粗。④将睫毛根部的空隙完全填满。⑤抬起眼尾处的眼皮，将眼线拉长。⑥下眼线需要将下眼皮的睫毛根部填满。（请收听健康美容）$LOTOzf$,woman
今年明星大婚潮中，如果我说自己“独家”发现了一个“秘密”，应该不算奇怪：大S、侯佩岑、张雨绮、刘若英、孙俪、梁咏琪、李玟……这些都是单亲家庭中长大的美女。她们在兔年婚了，夫君也有产自单亲家庭的。是上了幸福的金马车，或是绑上婚姻的战车，有待时间证明。$LOTOzf$,sports
美国马萨诸塞州“WinFall”彩票游戏的漏洞曾经引起轩然大波。近日，美国马萨诸塞州州财政官员史蒂芬.格罗斯曼向当地媒体表示，一项关于“Cash Winfall”彩票游戏的全面系统的调查已经启动。同时据该州监察长格雷戈里.沙利文透露，在恰当的时候，“Cash Winfall”彩票游戏会退出该地区彩票市场。				$LOTOzf$,sports
记录中国国家旅游杂志策划总监孔月（右一）应邀参加北京人民广播电台北京文艺台876，环球旅游广播联盟环球旅行家节目录制。想了解南非的人文风情吗？敬请期待环球旅行家的节目噢()播放时间稍后告知。$LOTOzf$,literature
女性保养皮肤妙招早晚两杯开水，早清洁肠，晚保证血液不因缺水而黏稠；一个西红柿，满足所需维；一杯醋，延缓血管硬化；一杯酸奶，补钙效果好；一瓶矿泉水，浸湿纱布敷在脸上，反复进行，补充微量元素；一袋茶叶，天然有效的减肥剂；简单面膜，将沉积脸上脏东西消除。标签：$LOTOzf$,woman
欧洲最佳球员  又是梅西！$LOTOzf$,sports
回复33足球:恭喜你，成为湖南经视《英超足球夜》今天直播的第一个问题的幸运观众33足球:斯托克城上半场第一张黄牌湖南经视英超足球夜：今晚12点湖南经视《英超足球夜》为大家带来英超第15轮的直播：斯托克城热刺的比赛，欢迎广大球迷踊跃留言，微博互动转发(5)评论(65)12月11日23:00来自新浪微博标签：,sports
今年中超的情况是各俱乐部纷纷加大投入，联赛会更加精彩，竞争会更加激烈，作为辽足，同样也在各方面加大投入，同时结合三年发展规划确定的目标，在俱乐部建设，队伍管理，引开援、训练比赛环境等方面加大力度，力争在中超赛场取得好成绩。快乐朴实：向辽宁王宝军提问：辽足近几年的成绩很有起色，尤其今年在两会还有这样的深度全面的足球发展建议，那么面对现在的中超实际情况，辽足本身的下步计划是什么？转发(8)评论(2)3月11日11:51来自微访谈谈两会提标签：$LOTOzf$,sports
各位足球迷们这周可不能错过我们湖北体育频道的足球直播哦标签：,sports
"11月3-6日英国优秀私立寄宿学校博览会 -深圳, 广州, 珠海 www.academicasia.com$LOTOzf$",campus
你可能并不了解美式足球，但是你应知道2011年的美式足球赛季有这么一个神奇的名字：Tim Tebow。此人在大学时代就叱咤风云但其技能根本无法适应职业联赛。然而他却在这个赛季带领了一支普通的球队拿了6连胜，而且几乎每场胜利都是在最后10分钟反超对手。他现在已经是家喻户晓的人物了。世上本无不可能!$LOTOzf$,sports
昨晚温习了一遍半年前欧冠决赛。看巴萨1、角球全是战术角球，倒回中场重新组织；2、对脚时候一般都能拿到球；3、总是快半拍。结论：华丽的背后从来没有浪漫，有的只是纪律严明和基本功。        $LOTOzf$,sports
仅需49元即可享受原价88元的可贝尔胶原蛋白水晶面膜（一贴白雪肤水润型），美白补水，一贴就白，现在活动期间，机会难得，欲购从速京东商城日用百货：正确敷面膜1、敷面膜的最佳时间，睡前敷最佳。2、做好皮肤清洁，确保皮肤干净。3、敷面膜前确保皮肤湿润，湿润的皮肤更能吸收水分和营养，如干性肌肤可以先涂点化妆水，热毛巾敷脸后再敷面膜效果更佳。4、面膜后注意清理残留物，用温水将残留物洗净。:35原文转发原文评论$LOTOzf$,woman
陈致元曾两度受邀至德国、瑞士，担任书展的贵宾，在书展和幼儿园、小学等地，为孩子朗读。《阿迪和朱莉》荣获美国国家教师会年度最佳童书奖、《一个不能没有礼物的日子》获得日本图书馆协会年度最佳童书奖；他的作品跨越文化差异，在许多国家深受大人及小孩的喜爱。亲子大讲堂：第二届信谊图画书奖系列专访童书作家陈致元“是黄皮肤黑头发小孩给德国小孩读时他们都能懂我觉得有文化差异但心的感受是一样的””我喜欢跟孩子互动他们让我自在“”和朋友交流比一个人好但创作时你要自已面对一张桌子“(3)图画书与文化相关:信谊图画书奖官方微博转发(16)评论(3)12月15日12:17来自新浪微博标签：$LOTOzf$,literature
2011好书推荐能赚钱就好$LOTOzf$,literature
北京高校电脑节即将开幕！$LOTOzf$,campus
恒大官方宣布四大国字号强援加盟 组建准国足  http:url.cn/4C2kl1  (分享自 腾讯体育 )$LOTOzf$,sports
有些人说女排这个那个的。平心想想，中国除了人家不怎么搞的那两三种小球和人家也不怎么当回事的跳水以外，哪个队伍不在下降？原因应该是十分复杂的。不仅是官僚体制，可能和我们的教育都有关系。 【评】 新华社:女排为功利主义还债 无帅可换成尴尬 http:url.cn/2mIDJ0$LOTOzf$,sports
【锻炼大脑】①拇指代表语言系统。互绕时想象滔滔不绝、神采飞扬的样子。②食指代表心像系统。互绕时想象美好的场景。③中指代表情感系统。互绕时想象喜悦的表情。④无名指代表自律神经系统。互绕时想象你内脏的蠕动等。⑤小指代表运动神经系统互绕时想象打篮球、踢足球或者其他运动的情景。$LOTOzf$,sports
.[解说中国足球预案] 1.这是中国队的开局之战--输了--没关系，才开始。2.这是中国队的重要一战，对手弱是全取3分的大好机会--输了--还有机会，关键就看下一场了！3.这是中国队关键一战--输了--还有机会，下一场拼了！4.这是中国队的生死一战--输了--让我们一起期待四年之后。$LOTOzf$,sports
2011毕加索中国大展《毕加索的艺术人生》的美女主编神行太保贾小布现场讲解签名售书哦近距离接触大师吧（讲座时间15日15点。）,literature
今晚《天下足球》19点30分直播，将全方位解读昨天凌晨的西班牙国家德比，并将解析一年之内皇马巴萨上演的八场国家德比，全面了解“穆瓜时代”的国家德比对抗。        $LOTOzf$,sports
2011好书推荐一光年的距离有多远$LOTOzf$,literature
在美国校车面前的悍马 美国对孩子生命安全的保护是最大限度的。校车有鲜明的颜色和最牢固的设计，学生放学时，所有的车辆必须无条件停下来让孩子先行，这是法律规定。他们的理念是：要象保护总统一样保护孩子的安全，因为你不知道，这些过马路的孩子中，不知道哪个会成为美国未来的总统。$LOTOzf$,campus
你有份嘅广州画OL8征集，今期系我个人的提议，天河大厦饮早茶，体育中心打篮球，大世界保龄球馆打机，睇住天河城落成，41路车翻学，地铁体育西翻工，系呢度生活10几年，我好希望同大家分享关于体育西的一切。唔知微博上有几多体育西的街坊见到呢条微博呢？$LOTOzf$,sports
2011好书推荐李开复的世界因你不同$LOTOzf$,literature
"v5推推【林丹败北种种猜想】林丹完败给队友陈金，是有意之为，还是意外之举,这还有待验证。值得一提得是，陈金由于之前的训练比赛留下的旧伤未愈，再加上近来总是状态不佳，而林丹整个赛季发挥都不错，伤病也暂时得到有效控制...http:url.cn/1Rgfcg 羽毛球$LOTOzf$",sports
2N家的护肤品真不错！更多护肤新体验和图片请浏览林柯彤博客http:url.cn/315X33   淘宝购买链接：速瘦小腿霜 http:url.cn/4MlOGK   瘦脸精华 http:url.cn/0TvdZv   去黑眼圈啫哩 http:url.cn/0ERElF   美白保湿面膜 http:url.cn/0OhrI$LOTOzf$,woman
《倒错的死角》的确是本不错的作品，自己读起来也是希望一口气看完的（非推理小说的确没有这样的待遇），折原一写叙述性诡计的确像是变魔术，与其他小说不同点在于很多读者读折原一的小说时已经知道他是一个叙诡大师，就像人看魔术肯定知道这魔术是假的一样。$LOTOzf$,literature
麦蒂风光不再难寻下家 或以老将底薪加盟老鹰  http:url.cn/3dl9j3  (分享自 腾讯体育 )$LOTOzf$,sports
免费为留校大学生找短工连锁宾馆招短工，主要招收银员保洁员，月薪14002000，留校的大学生有想应聘的没有？来报名吧。标签：$LOTOzf$,campus
怎么延长面膜的功效越往冬天走，皮肤越发干燥；许多同学会选择敷面膜的方法来解决；但面膜的使用频率要依照面膜的机能性来衡量，不可过多使用，且敷完面膜之后，一定要再擦上具有保湿锁水效果的乳液或面霜，这样才能将面膜成分长时间留在皮肤中，发挥良好的保养成效；,woman
2013年高尔夫世界杯还会在观澜湖·海口举办，但那时很多东西都会变。可能会有新的赞助商；可能会有新的赛制，引入世界积分，大牌球员会更多；观澜湖·海口和兰桂坊的项目以及万豪集团旗下丽思卡尔顿与万丽管理的两家高尔夫酒店，都将在两年后完工……欧米茄观澜湖世界杯 你的名字届时也会换的吧        $LOTOzf$,sports
绘本每日点评《第一次换牙》孩子们第一次发现牙活动时，可能会觉得很兴奋，但如果知道自己的牙会掉，可能就会担心害怕。书中对这个时期孩子的心理变化掌握很准确，小鼹鼠莫迪由兴奋到哭泣到最后很平静接受了这个事实。圆乎乎的小动物们稚气又可爱，看到海狸拉姆用绳子拔牙那一页，真是忍不住笑翻了。$LOTOzf$,literature
《2010全年合订本》原价46元周三团购价23元订购地址:标签：$LOTOzf$,literature
意林感恩节豪礼感恩双重回馈《意林》2012第1期附刮奖卡，将有500台苹果系列产品倾情送出同时意林杂志微博感恩送话费关注意林杂志，转发本条微博加你想说的感恩之语，三位好友每天随机抽取2名粉丝送50元话费，每天下午5点公布前一天微博粉丝中奖名单。,literature
希望魔兽能去湖人，湖人掘起。$LOTOzf$,sports
重庆大学上海校友会2011年会   http:url.cn/2vahwm$LOTOzf$,campus
同学们辛苦了每月的这几天是《时尚旅游》所有人最辛苦的时候，大家夜以继日地工作，为了可以让杂志有丰富的内容和完美的呈现。今天的下厂餐是海底捞哦，让我们这个大家庭，让《时尚旅游》也像海底捞一样，不可阻挡吧1月号是我们的第200期杂志，国家公园的大选题定会让你耳目一新郭郭大人：史上最牛下厂餐时尚旅游余辉雷达太多尹洪涛高剑时尚旅游杂志春丽二姑娘瑞默瓦褚小磊本子娜位小姐宇华911时尚旅游沙咪咪转发(28)评论(15)12月14日18:39来自标签：$LOTOzf$,literature
转发微博艺考之家：网报提醒中国传媒大学网上报名方式：报名时间：11年12月1日12年1月20日考生一律在此时间内登陆中国传媒大学本科招生网，报名并上载照片、网上交费、网上安排初试时间。报名时准备本人免冠证件电子照（要求：30以下），并网上支付报名费。考生最多可报考三个专业。更多信息关注艺考之家原文转发原文评论$LOTOzf$,campus
我有一个梦想，我希望将来有一天曾经我们同升湖那帮同学朋友能再聚再一起痛痛快快地打一场篮球！$LOTOzf$,sports
()对唇毛感到困惑的可以行动了二丫网美妆分享社区：有奖转发1关注二丫网美妆分享社区2并转发本条微博并5位好友31221日活动结束后，抽奖2位网友获得“美国蜂蜡面部脱毛套装”一份4活动结束后5个工作日后公布获奖名单5在:中跟帖回复你的微博账号转发(31)评论(23)今天10:25来自新浪微博标签：活动$LOTOzf$,woman
【关于女人的6个人性悖论 】1.越是会害羞的女人，说明她越纯洁；2.自尊心越强的女人，越不会主动追求男人；3.女人越是说自己不漂亮，就越希望男人说她漂亮；4.表面越冷的女人，内心越炽热；5.女人问男人的问题越愚蠢，说明她越喜欢他；6.女人说“是”的时候，很多意味是“不是”，反之亦然。$LOTOzf$,woman
 美容当然还得靠水果这样的天然美容。。$LOTOzf$国美电器网上商城:〖减肥水果排行〗1.苹果:含丰富果胶，能加速人体排毒；2.香蕉:含有丰富食物纤维，适合常便秘、肌肤干燥的美眉；3.葡萄柚:糖分少，含有丰富的维C；4.菠萝:菠萝的蛋白分解酵素很强，可帮助肉类的蛋白质消化，不过要饭后食用；5.奇异果:和肉类菜肴是绝佳搭配，能防止便秘、帮助消化、美化肌肤。,woman
转发微博美国读者文摘版权普知：保存记忆以艺术的方式为了纪念纳粹大屠杀遇难者，德国一位艺术家德姆尼西手工制作了近三万块黄铜“绊脚石”，嵌在德国、欧洲600座城市的街头：“读一读遇难者的名字，路过他们曾居住的房子，你就和一个个实实在在的受害者联系起来了”。此文献给南京大屠杀纪念日。普知11月号:4转发(114)评论(17)12月13日18:38来自新浪微博标签：$LOTOzf$,literature
《羽毛球》杂志的老朋友$LOTOzf$  羽毛球杂志张颖：自学英法日俄四国语言的电力翻译家庄老88岁高龄，还在坚持羽毛球锻炼。他告诉我老伴一周前刚刚去世，打击巨大，但他有老年队的一些朋友在一起打球，心情就好了很多。庄老每次骑电动车四十分钟到球馆，省下一万元捐给了相伴了二十五年的老年队。…含泪写下此微薄，恳请大家一起祝福我的老朋友健康长寿！    转发(34)|评论(8)今天 12:01 来自iPhone客户端            ,sports
"游泳世锦赛:奥运预演壮怀激越 中美双星闪耀""王冠"" 7月31日晚19点10分，在中国上海举行的2011年世界游泳锦标赛结束了男子1500米自由泳争夺，中国选手孙杨以14分34秒14获得冠军，并且打破了该项目世界纪录。  http:url.cn/16CCsk$LOTOzf$",sports
天气不错，都市时报粉丝节之三人篮球赛在西南百盛激战正酣！可以到现场去凑个热闹哦！$LOTOzf$,sports
当运动员面临提托奥提兹这样的年龄和逐渐下滑的状态时，退役是他们不得不面对的问题。提托在140的新闻会上透露，他将在明年的5月30号退役，这一天正好是提托第一次走进八角笼，也是第一次参加比赛，还是他在整满15年的日子。不过这个“坏小子”的话能信多少，最晚明年5月30日见分晓。,sports
【新书秒杀】在成长路上遇到各种忧伤之时，幸好有一天使般的少年从旁指引。也许不仅仅是这位名叫“霖”的少年，或许就是你身边的某一个挚友或所爱之人。丁冰 《霖》正是这样一部与大家有着共鸣的作品。《霖》1-3全套将在本周日（12月11日）中午12时举行签名抢拍活动，地址：http:url.cn/0LRJok$LOTOzf$,literature
今晚6:30教二101，绿色风与你相约，我们绿色疯er齐聚一堂，等待新生力量，等待你带来的精彩。相信你们自己，心有多大，舞台就有多大！加油！$LOTOzf$,campus
 || 化妆很简单_12万人在学:7种妙方美白！$LOTOzf$      美容会:【7种妙方除去雀斑增白皮肤】 希望自己有红润而光洁的面容，看看这几种妙方，可以使自己精神愉快，有益于身心健康有除去雀斑：1、黄瓜粥；2、柠檬冰糖汁；3、黑木耳红枣汤；4、胡萝卜汁；5、冬瓜水； 6、蒲公英花水； 7、西红柿汁。-->>还没加入美容会？，赶紧收听[美容会]，成为时尚美丽一族！,woman
四大名捕之崔略商:我理解你转发正反两方面观点的苦心。但是看微博的人不一定同时看到并理解你转发的不同观点。在不懂得证据评价的人看来，“健康教育”这个转发的实验结果就是可以指导健康的证据了。因此我个人认为你这样转发不妥健康教育何超：普洱茶可降体脂？近来咖啡、鲜奶等饮品纷纷调涨价格有些上班族也将每日一咖啡的习惯转换成喝茶来代替除了常见的绿茶红茶乌龙茶外不少人开始喝普洱茶自古以来本草纲目记载普洱茶性温无毒能消食清胃、解油腻年轻女性中甚至流传着喝普洱茶可减肥真的是如此吗？营养师顾中一健康原创转发(39)评论(12)12月12日23:07来自新浪微博标签：,woman
分享照片中石化红河石油分公司，中电信红河分公司羽毛球友谊赛！$LOTOzf$,sports
西北师范大学2012年拟招硕士研究生1650人，浏览详细请点击 http:url.cn/42yU99$LOTOzf$,campus
我们要把每一场羽毛球世界性比赛打成真正的中国公开赛!王仪涵加油$LOTOzf$,sports
想在圣诞派对上出位？小野猫烟熏妆绝对能秒杀他的心哦$LOTOzf$  魔法美丽课堂：魔法美丽课堂 【74期】今年派对上想出位就是要够野！渐层小烟熏+动物花纹拿起你手边的工具，乖乖女们现在就变身啦！小P老师 教你小野猫烟熏妆秒杀他的心。http:t.cn/S9lUd     转发(881)|评论(56)12月20日 09:16 来自新浪LoveLady            ,woman
草莓比较适合于油性皮肤，具有去油、洁肤的作用，将草莓挤汁可作为美容品敷面。现在的很多清洁和营养面膜中也加入了草莓的成分，适合于任何肤质。经常使用草莓美容，可令皮肤清新、平滑，避免色素沉着。				$LOTOzf$,woman
留住刹那的经典，是摄影独有的魅力19楼空间：美国《时代》杂志评出2011年度最令人惊讶图片，图组:4原文转发原文评论$LOTOzf$,literature
刚听广播被雷到了，科比要来中国加盟山西队打CBA？$LOTOzf$,sports
欧足联主席普拉蒂尼周三表示，他没有理由相信在欧冠中里昂7-1大胜萨格勒布的比赛是“可疑的”。详情：http:url.cn/1KaX6g$LOTOzf$,sports
介读所近期旅行书单：《馋了吗？想发脾气吗？去旅行吧》（申礼姬）《在欧洲，逛市集》（韩良忆）《穷逛巴黎》（陈念萱）《我，睡了，81个人的沙发》（连美恩）《东京杂货地图》（株式会社）《慢漫京都》（杰利马兰达）《去，你的旅行》（阿）（20111104）标签：$LOTOzf$,literature
[女性保养皮肤的8个小窍门]①早晚两杯水，早清洁肠，晚保证血液不因缺水而黏稠。②一个西红柿，满足所需维C。③一杯醋，延缓血管硬化。④一杯酸奶，补钙效果好。⑤一瓶矿泉水，浸湿纱布敷在脸上，反复进行，补充微量元素。⑥一袋茶叶，天然、有效的减肥剂。⑦简单面膜，将沉积脸上脏东西消除。$LOTOzf$,woman
来自8月10日上午日照媒体新闻发布会的消息：由我国着名白酒品牌“红花郎”酒冠名的“郎酒 红花郎杯”中国（日照）第二届沙滩足球争霸赛，将于8月13至21日在日照市万平口沙滩举行。$LOTOzf$,sports
 足球这东东是男人的玩意儿$LOTOzf$风一样流浪:小道消息：阿内尔卡来中超，法国育碧背后操手疑代言《全民足球》，阿内尔卡的签约法国育碧起到了相当大的作用，中超历史最大牌外援就此花落上海。育碧很可能请阿内尔卡为《全民足球》游戏做代言吸引中国的千万足球迷们。你们会试着玩玩阿内尔卡代言的《全民足球》吗？,sports
【宝宝最喜欢的六类妈妈】1.心地善良，性格温柔，对孩子充满爱。2.热爱学习，知识丰富，能满足孩子的求知欲。3.了解孩子，能满足孩子的正当需要。4.教育讲究方法，从不打骂。5.言行一致，说到做到。6.勤劳做家务，带动孩子一起劳动、游戏。$LOTOzf$,woman
小樱桃幽默四格之《不好受》，对于爱玩的孩子来说，去上学总是件很纠结的事呢！$LOTOzf$,literature
推荐收听 教你做漂亮女人 每天分享很多美容护肤方法，大家快来强势围观吧。$LOTOzf$,woman
2011好书推荐《武动乾坤》cc天蚕土豆$LOTOzf$,literature
中央经济工作会议12月12日至14日在北京举行，很引人瞩目的一个新的提法是，要提高中等收入者比重，但是股市却把“中等收入者”一批又一批地变成了“低收入人群”！$LOTOzf$,woman
光棍节美丽密语，君君的CO2 面膜初体验。 风靡日韩的二氧化碳面膜真心给力，准备批量购进啦！~美白嫩肤效果是我用过最赞的！~新日志哦:http:url.cn/2QNS59$LOTOzf$,woman
《文化月刊动漫游戏》十一月刊专题报道之第六届中国北京国际文化创意产业博览会。中国国际贸易促进委员会北京市分会副会长储祥银发文详尽解读中国北京国际文化创意产业博览会的策划思路、运作机制和实效果。,literature
足球剧情总是存在着大惊喜的。在前面两家公司实况比赛输球很少但大都在决赛，两次冠军两次亚军一次首轮爆冷，在Ctrip Building的近两年时间里，跟技术流选手踢过不少于五十场，只有一场平局其他场次全胜。一直控制局面面对熟悉的老玩家时游刃有余，今天被第一次对阵的粗暴派kai_蔡毅 1-0 破了不败之身$LOTOzf$,sports
LOL最新赛况：在8进4比赛中，中国队夺冠希望iG 被CLG以2:0完虐！！！悲剧哇 $LOTOzf$,sports
日女排主帅不满新积分制 暗示中国受益进伦敦  http:url.cn/3ZCnd7  (分享自 腾讯体育 )$LOTOzf$,sports
【《实况足球2012》全方位教你操作、进攻、防守、任意球四合一】 http:url.cn/1Qretw                收起《实况足球2012》全方位教你操作、进攻、防...$LOTOzf$,sports
王小波在14年前的4月10日写道：“我正在出一本杂文集，名为《沉默的大多数》。大体意思是说，自从我辈成人以来，所见到的一切全是颠倒着的……千里之行始于足下，中国要有自由派，就从我辈开始。”第二天，他死去。后来有人说，20世纪中国文学，前50年是鲁迅，后50年是王小波。$LOTOzf$,literature
发表了博文《深圳婚纱摄影世纪佳人13周年感恩回馈缤纷好礼拿回家》13周年感恩回馈缤纷好礼拿回家圣诞的钟声伴随着新年的欢乐即将来临，同时也迎来了我们世纪佳人13周年庆典，在这万分感动、万:4,woman
美白针成分传明酸，谷胱甘肽，维生素，维生素，其它辅助酶等。$LOTOzf$,woman
2012年全彩变身后的第1期《时代影视》正式面市啦快去身边的书报销售点找找吧新的栏目，新的内容，新的样子，希望全新全彩的小时没有让你失望哦封面是炎天王，每本随刊附赠两张圣诞立体贺卡，抢喽标签：,literature
转发微博瑶瑶：经过长达两年半的等待，中国足坛反赌案终于水落石出，首批涉案人员的案件即将在下周一开庭审理在这次将要被审理的涉案人员中，包括原足球运动管理中心副主任杨一民和原中国足协裁判委员会主任张健强，及相关俱乐部官员、球员和裁判等等。更多及时资讯请收听江南之声频率各整点的《926快报》转发(1)评论12月15日08:34来自新浪微博标签：$LOTOzf$,sports
换届大会圆满成功，各职位已经确定，明天正式对外公布，谢谢大家一直以来的支持和关注！绿色风将由新的一代带领，继续前行。$LOTOzf$,campus
美容健康:水果保健功效盘点健康养生小常识：水果保健功效盘点染发烫发多食鳄梨，修复受损发质。用脑过度吃香蕉，缓解消极情绪。过度用眼吃番木瓜补充维。牙龈出血吃猕猴桃补充维。长期吸烟吃葡萄排出肺内毒素。肌肉拉伤吃菠萝，促进组织修复。预防皱纹吃芒果激发肌肤活力。脚气困扰吃柳橙。冬季咳嗽多吃梨。原文转发原文评论,woman
今晚我们学校晚会，移动的拿起你们的手机为我们投一票。登录 wap.wxcs.cn 选择57号节目。$LOTOzf$,campus
【轻松美肤】1.香蕉牛奶面膜，敷20分钟洗净。2.鸡蛋蜂蜜面膜减少皱纹。3.姜黄粉和牛奶混合祛色斑。4.麦片、乳酪和番茄汁混合敷脸提亮肤色。5.生土豆片敷脸减色斑和疤痕。6.黄瓜水敷脸15分钟收敛毛孔。7.冰块敷脸收缩毛孔改善血液循环。8.柑桔汁对付油性肌肤。在家轻松美容。$LOTOzf$,woman
【L丰胸——安全的丰胸手术】华美L美胸非常安全，5大理由：①丰胸手术在世界上已有超过100年的历史;②假体硅胶有40多年的安全使用史;③每年都有超过600万女性接受丰胸手术;④不损伤乳腺组织，不影响哺乳;⑤华美美莱率先发布中国首部《整形美容安全消费白皮书》，维护社会大众整形美容消费利益。				$LOTOzf$,woman
阿内尔卡加盟申花，过亿的身价，值还是不值？明早活力早班车，邀您上线来说话，热线号码：62561000标签：$LOTOzf$,sports
发表了博文《少年博览上半月（小学版）第12期目录》新闻频道特别影视温暖表情：感动心情04小记者新势力抢车位08停车难，难于上青天鲜校园事件簿手拉手一家亲:8标签：$LOTOzf$,literature
 爱死小豹纹了~天生美甲控，就收听不弄指甲就闹心$LOTOzf$      不弄指甲就闹心:新做的豹纹小蝴蝶结~大家觉得怎么样？,woman
【2011最搞笑灌篮集锦】 http:url.cn/236yrO$LOTOzf$,sports
"萨冈的短片小说还没有看过，买来看看~已经没有相关微博任务...
$LOTOzf$  99读书人：“没想到萨冈的短篇小说也写得这样好，这个不厚的集子居然收了19篇，让人几乎以为这是“短经典”系列中，性价比最高的一本……从少不更事变成了徐娘半老，在技术上有了更多的追求。确实，这些故事讲得都很精彩、细腻、完整，而且还都有点出人意料，这是一种让人不太愉快的巧合。”http:t.cn/SIkXx    转发(114)|评论(21)12月26日 10:00 来自新浪微博            ",literature
 不是说来中超么？ || 国际足球:  西多夫这状态~ || 穿越亚平宁: 本期话题：你如何看待意甲五支球队的欧战前景？欢迎大家讨论。国际足球 意甲 米兰新闻 腾讯出品$LOTOzf$      穿越亚平宁:穿越亚平宁第13期上线啦，本期主题：老妖是如何炼成的。意甲之战，回顾上轮比赛精华，皮耶罗痛失进球良机，博阿滕假摔PK拉影。意球成名讲述米兰“政委”的生存之道，老妖是如何炼成的？追意板块回顾一场米兰德比，0607赛季双方上演进球大战。 http:url.cn/217fGc  刘嘉远 腾讯体育 腾讯体育视频                收起穿越亚平宁第13期：老妖是怎样炼成的,sports
【电镀基础知识】这个行业的可以收藏 http:url.cn/2Ylsp$LOTOzf$,literature
毕业生能力该怎么“考”？想让校园招聘对应聘者有足够的吸引力，单是科学的考试内容还不足够，因为校园招聘是一个系统工程，需要在考试运营方面全面部署。作为校招服务商ATA公司推出的人性化服务，帮助客户考虑了诸多人性化的因素，包括招聘考前、考中以及考后需要考虑的众多直接、间接的关怀服务				$LOTOzf$,campus
878天津滨海广播长篇小说《大帅府》是一部以张学良家族为题材的小说，再现当年张氏家族从发家到创立大帅府，成为东北一带霸王而风光无限的全过程，被誉为民国东北版《红楼梦》。收听下载:微电台:8大良,literature
【校车特权如何落到实处 专家解答民众五大担忧】校车特权如何保障？“校车安全的系统治理及其立法研究”课题组副组长刘鑫指出，校车能否享受特权，一靠监管，二靠国人的自觉意识和个人素质，“法规再完善，不执行就是空壳子。”http:url.cn/374Yfx$LOTOzf$,campus
亲，现在我们湖北体育频道的体坛那些事节目正在播出喔今天的主题是“五人制足球”主持人艾轶将和嘉宾武汉地龙队教练李欣和张习为大家带来有关五人制足球的话题，欢迎收看喔标签：,sports
世纪金花·西安·美居生活家 brabantia烫马，俗称熨衣板。 整座烫马可承重量约80公斤，可作四段高度调整，具有卡位安全设计避免夹伤手，防止任意滑动，可更换布套的特殊勾线，易于固定，可以保用十年哟~~多种柔美色彩花样可选择，美化您的家居环境大秦时尚 大秦家居 大秦网 李蕾$LOTOzf$,woman
【一个被13所学校开除过的学生的忏悔，一段让无数人流泪演讲会！　】不看不知道一看明白了，人生短暂啊。分享给您身边的朋友吧 http:url.cn/2TqRT5                收起一个被13所学校开除过的学生的忏悔，一段让...$LOTOzf$,campus
晚会倒计时第三天：西亚斯郑州校友会跨年晚会奖品之感谢校友总会美女刘老师的朋友赞助的盆景鱼火锅店价值500的草鱼票现金券30张百分感谢2011：宏图路十里铺街交叉口盆景鱼免费品尝卡2斤20张，1斤10张拼图西亚斯郑州校友会咖啡红烧肉转发(4)评论(4)12月15日12:52来自版标签：$LOTOzf$,campus
中职校优秀毕业生明年可免试读高职记者14日从省教育厅获悉，明年我省将试点中职校推荐优秀应届毕业生免试入读高职院校。符合相关条件的不需参加全省高职单招考试，由高职院校直接录取。推荐免试的考生须符合4个条件，详见:标签：$LOTOzf$,campus
五款养颜甜品：①去痘：薄荷、冰糖热水冲泡冷藏后放入柠檬片②除面部萎黄：薏米黄豆冷水浸泡5小时、榨浆煮沸、放糖和葡萄糖内脂搅拌③改善黯沉：西米煮10分钟后过凉水，椰奶煮沸加山药、晾至室温加西米、荔枝、白糖④美白红润：玫瑰茄、玫瑰、冰糖热水冲泡⑤淡化色斑：西红柿、柠檬榨汁加蜂蜜。美容$LOTOzf$,woman
本周末风云足球直播预告：10日15：00中国足协室内五人制甲级联赛第9轮青岛英茁体育浙江黄龙三大22：30不来梅沃尔夫斯堡11日01：30汉诺威96勒沃库森03：45国际米兰佛罗伦萨22：30多特蒙德凯泽斯劳滕12日00：30斯图加特拜仁慕尼黑标签：$LOTOzf$,sports
哎哟妈妈哟，韩PIAPIA解说，又不能看了。 【评】 女足S韩国前瞻：悍马能否亮剑 李霄鹏誓破韩 http:url.cn/0gIfDZ$LOTOzf$,sports
【尤加迪曼 2011冬装新款 修身淑女长袖圆领钉珠毛衣 32122】分享了 http:url.cn/4fgSkL$LOTOzf$,woman
看到您的评价我们也很兴奋！但我们没有语无伦次……因为我们兴奋的有点说不出话了……哈哈~~感谢感谢！提醒MM一下，这个CC霜因为里面有压缩的山泉水，所以为了防止接触空气太多水分风干，用后记得塞上小塞子盖好瓶盖！祝每天都美丽漂亮！				 M涵小姚：爱悠时尚生活 宝贝收到了，上个图看看！哈哈，手机拍的别介意啊！东东超好，超爱，还多送了宝贝，超贴心啊，哈哈，太兴奋了，有点语无伦次啊！哈哈哈哈。。。超感谢！！！原文转发|原文评论 $LOTOzf$,woman
刘建宏 强烈希望足球之夜能做一期关于日本女足首捧世界杯之于中国足球的思考，虽然现在大家都在反思，也都在找出路，但还是希望足球之夜能对此有一个全盘的论述，最好能把老女足一代请来一起聊聊$LOTOzf$,sports
悦读会有了好礼仪，整个场面才Hold得住！12月23日14:30，青海宾馆迎宾厅，百家讲坛》讲师，人民大学知名礼仪与公共关系专家金正昆教授告诉你，怎样通过好的社交礼仪实现有效沟通！发短信“名家”至10658080获取登陆地址进入“名家零距离”专区，或手机点击http:url.cn/24s9ti  参与抢票！$LOTOzf$,campus
伊美尔赵琼:无				 漓江出版社阅美文化：肉毒素的多种妙用肉毒素治疗的基本原理就是暂时性地阻断神经与肌肉的传递。肉毒素除了除皱之外，还有很多其他的妙用：让面部年轻化、止痛、体味清新、重塑小脸美女、面部紧致提升。——赵琼 《我的美丽处方》http:t.cn/SL3FH8原文转发|原文评论 $LOTOzf$,woman
组图：第五轮精彩瞬间 姚明督战上海主场首秀 http:url.cn/2qK87l  (分享自 腾讯体育 )$LOTOzf$,sports
分享照片最值得爱的男人，不是他能给你戴上不菲的钻戒，而是他愿意毫无保留的用余下的生命，为你不断打磨完善自身，变得更坚固可靠；为你将心从此抹得通透，唯你无她；为你折射出人生存在的意义，散发幸福的光。他才是专属于你的无价的钻石，他的一生守护才是你最宝贵的戒指：）--《女友-家园》10月$LOTOzf$,literature
转发微博台江整形医院王炳虓：注射除皱手术注入的药物数小时就会被人体吸收，所以不必担心对人体的副作用，此法无需手术、无痛苦、无副作用，见效快，安全可靠、简单有效，深受爱美女性的欢迎。:455原文转发原文评论$LOTOzf$,woman
【福州去眼袋的方法】韩式微创祛眼袋手术是福州华美眼袋整形专家根据人体皮肤特定情况出发采用内路加紧肤的技术。福州华美去眼袋专家在为求美者去掉眼袋的同时，可以有效做到紧肤处理，实现双管其下、两头并进。在为求美者去眼袋的同时，也能将眼周的细小皱纹全部去除。				$LOTOzf$,woman
体育：阿森纳打造全新冠军球队热尔维尼奥虽然距离皮雷还有很长一段距离，但他风驰电掣的盘带还是让球迷看到了21世纪初那条速度像风一般的黄金左路。他们是四强球队中投入最少的，但在传奇球星给予巨大精神力量的帮助下，温格依然有时间打造一支新的冠军球队。新浪体育标签：,sports
2011年寮步镇篮球联赛 甲级赛A组比赛日程表http:url.cn/4M0Gfu$LOTOzf$,sports
【品牌秋装新款呢子短外套妈妈装喜庆唐装女装中年中老年婆婆50岁】衣服很合身，妈妈很喜欢 http:url.cn/1e98U2$LOTOzf$,woman
最后是12月16日节目完整版本，大家慢慢欣赏哦，本期的有奖互动话题也已经结束，获奖名单将在近期公布，我们会第一时间发到官方微博，中奖的朋友要戒骄戒躁，没中奖的，也要再接再励~！！http:t.cn/ScCEst 中国篮球        $LOTOzf$,sports
"随手拍如何打发等飞机的无聊时间？商界传媒8月数码刷屏广告秀!广州机场155台,上海虹桥机场152台.看到广告马上拍下来，发微博并商界传媒 ,就可免费获得商界杂志 商界评论 商界时尚 家人杂志 中华手工 任何一本你感兴趣的杂志!$LOTOzf$",literature
随手是缘！【东方哲学史（现代卷）￥68.20 】http:url.cn/1ZjjQ0  晚上在当当网随手订两本书，没想到竟然赶上上市一周年促销，128元直减20。贪图小便宜是女人最没法拒绝的诱惑，于是又顺手订了工具书。为了填满另一个128，随手搜索印度哲学。竟然搜到东方哲学史的新着，搜到拉达克里希南和奥罗宾多!$LOTOzf$,literature
哈尔滨工业大学: 我校自主招生工作已经开始，请相关考生关注哈尔滨工业大学招生办$LOTOzf$  哈尔滨工业大学招生办：我校自主选拔录取招生推出“英才计划” http:t.cn/S42jCx转发(19)|评论(3)11月28日 10:39 来自新浪微博            ,campus
2011好书推荐《乔布斯传》$LOTOzf$,literature
绿城正式签约冈田武史首位日本籍主帅征战中超:76（分享自新浪体育）标签：$LOTOzf$,sports
互听大队科婷新品上市，7折特卖大优惠，无痕祛痘凝胶，黑头导出液特价5折$LOTOzf$,woman
中国的问题恰恰是韩端最没有威力。我一直推荐她去参加大邱世锦赛，跑女子一万米。 【评】 组图：女足备战李霄鹏轻松 韩端头球威力十足 http:url.cn/06Odjv$LOTOzf$,sports
腾讯读书:《而河马被煮死在水槽里》1944年夏，哥伦比亚大学谋杀案震惊了年轻的“垮掉的一代”。威廉巴勒斯和杰克凯鲁亚克受这起命案的启发，于1945年合作完成了这部小说。小说以硬汉侦探小说的写法，由两位作家交替各写一章，描述了纽约一群放荡不羁的年轻人，充满了毒品和艺术，困扰和残酷。标签：$LOTOzf$,literature
冬日里到底要穿什么才能成为街头闪亮的焦点？当然是要穿出自己个性的衣服啦！ ~~~关注米娜，关注美容护肤频道 ~~~				 美容护肤频道：大石参月引爆最强冬日个性Style冬日里到底要穿什么才能成为街头闪亮的焦点？当然是要穿出自己个性的衣服啦！看看大石参月引爆最强冬日个性Style，也许下一个街头Star就是你！~~请关注米娜美容护肤频道 http:t.cn/SciGA原文转发|原文评论 $LOTOzf$,woman
" 秋冬季节祛痘 专家教您选择合适的祛痘$LOTOzf$战痘大作战:【秋冬季节祛痘 专家教您选择合适的祛痘】 秋冬季节气候特别的干燥,加上夏天累计起来的皮肤问题,造成肌肤水油失衡,给痘痘滋生了土壤。秋冬季节祛痘 专家教您选择合适的祛痘产品控油和调节油水平衡,是秋冬祛痘的重点,一定要...http:url.cn/2gJOiz",woman
组图：刘翔返沪风衣帽遮脸 美女跟随帮拎行李  http:url.cn/0TRMXc  (分享自 腾讯体育 )$LOTOzf$,sports
微体坛【徐国翀狂砍46分难救主 全华班新疆惨败三外援福建】在刚刚结束的一场CBA比赛中，福建队以115：92战胜新疆队，取得三连胜。福建队麦克唐纳德得到32分，安东尼得到21分。新疆队徐国翀砍下全场最高的46分。据新浪体育				$LOTOzf$,sports
我怀念那个年代。我真怀念那个年代啊那个时代蒙着一层柔软的灰尘，如同温热的丝绸般抚摸着我们还没有皱纹的脸，泪水可以沿着年轻光滑的眼角流进领口，而不会像现在一样，把眼影和睫毛膏，冲成一摊难看的乌黑堆在眼袋上。文郭敬明（《小时代30刺金时代》）标签：$LOTOzf$,literature
敷面膜的4个门道！				 雅漾：雅漾肌肤 正确敷面膜1.敷面膜的最佳时间，睡前敷最佳2.做好皮肤清洁，确保皮肤干净3.敷面膜前确保皮肤湿润，湿润的皮肤更能吸收水分和营养，如干性肌肤可以先涂点化妆水，热毛巾敷脸后再敷面膜效果更佳4.面膜后注意清理残留物，用温水将残留物洗净。同时且不可忘记收敛步骤。原文转发|原文评论 $LOTOzf$,woman
【养颜甜品】1.去痘印：薄荷、冰糖热水冲泡冷藏后放入柠檬片2.除面部萎黄：薏米黄豆冷水浸泡5小时、榨浆煮沸、放糖和葡萄糖内脂搅拌静置3.改善黯沉：西米煮10分钟后过凉水，椰奶煮沸加山药、晾至室温加西米、荔枝、白糖4.美白红润：玫瑰、冰糖热水冲泡5.淡化色斑：西红柿、柠檬榨汁加蜂蜜。美容$LOTOzf$,woman
上海男篮爆冷战胜新疆，今晚没有打进电话的朋友，明早7：009：00活力早班车，继续邀您上线来说话：02162561000标签：$LOTOzf$,sports
为了进一步提高西亚斯毕业生适应社会的能力，西亚斯校友会办公室联合就业指导中心拟于2011年11月26日（周六）上午9:0012:00在行政楼一楼报告厅举行主题为“当代大学生毕业后如何快速适应社会角色转变”的座谈会。著名作家查建英和资深传媒人郭宇宽将作为特邀嘉宾参加此次座谈会。标签：$LOTOzf$,campus
2010年第三期《临沂广电》。封面人物是临沂广播电视台主持人安婧。标签：$LOTOzf$,literature
《体育世界》互动话题1：您认为羽毛球比赛是否有必要采用鹰眼技术？说说您的理由？标签：$LOTOzf$,sports
从奇虎社区搜索到360安全卫士，再到360平台，周鸿祎的计划很完美，环环相扣，像一串排布好的多米诺骨牌，只要碰倒了头一张就会不停的连动，一直到终点。他希望这个终点是把红旗插上纽交所，这一天，他期待了很多年。——2011年第7期封面文章《为什么是周鸿祎？》$LOTOzf$,literature
稚慧坊:我们的数学书林怡育儿会所:已经开始印刷啦俞寅：这是《奇奇妙妙学数学》的样片，样片出来了就说明马上就要大批量印刷了，年前应该可以上架了吧原文转发原文评论$LOTOzf$,literature
城运会跳发10月25日，在江西南昌举行的第七届全国城市运动会网球男子单打决赛上，中国香港选手杨柏朗0比2不敌武汉选手宁宇清，获得亚军。新华社记者金良快摄,sports
11月18日下午四点，鲁能泰山队来到合肥市奥体中心体育场进行赛前适应场地训练，队员们来到场地后立即投入到训练中。今天训练只对媒体开放15分钟，随后便进入到封闭训练。:7标签：,sports
来自《赛季缩水，安东尼本赛季不会回丹佛打比赛》： 不管掘金球迷对卡梅罗... http:url.cn/3nFtCf$LOTOzf$,sports
【德州成立妇女权益纠纷人民调解委员会】德州市首个妇女权益纠纷人民调解委员会正式成立。今后，各县市区也将开展各级妇女权益纠纷人民调解委员会建设，将公益调解服务延伸推广至全市范围。 http:url.cn/1riddm$LOTOzf$,woman
有图有真相：塔吉克斯坦取代叙利亚出战亚洲区预选赛，《足球报》上周爆料称塔足协邀请高洪波带队参赛，高随后婉拒邀请。一天后，塔足协官员否认此事存在，甚至称“不知高洪波是谁”。对此，足球报就此事做跟进报道，并公布了确凿证据——塔足协发给高洪波和中国足协的函件。 蒋万鹏$LOTOzf$,sports
2011体坛风云人物最佳教练奖候选人:张景龙2011体坛风云人物最佳教练奖候选人:张景龙张景龙中国田径队教练带领李艳凤在第13届世界田径锦标赛上获得女子铁饼冠军$LOTOzf$,sports
上品网12月12今日团购仅售26元蝶翠诗深层卸妆油30，当家产品，日本杂志卸妆类产品第一名卸除彩妆无残留，清除毛孔内污垢、黑头，乳化效果一流，肌肤柔软清透。让肌肤恢复到最初洁净状态:5,woman
《辛亥革命》电影小说完整版震撼上市，21日杭州首发$LOTOzf$,literature
想读《考拉小巫的英语学习日记》 http:url.cn/2KAu2$LOTOzf$,literature
《中外着名经典芭蕾舞会萃》 ——中国中央芭蕾舞团上海师范大学专场访问演出 演出时间：2011年6月6日18:30 演出地点：东部礼堂 索 票：6月1日12:00始 (凭上海师范大学工作证、学生证免费索取，每证限索一张，索罄即止) 索票地点：上海师范大学音乐学院大厅 演出垂询：music.shu.edu.cn 64328887$LOTOzf$,campus
欧冠曼城和曼联都小组淘汰了。。你让我怎么相信爱情？$LOTOzf$,sports
友情提示：BT体育播出安排：12月18日（日） 18:40 ★直播：体坛资讯 19:28 ★直播：中国男子篮球职业联赛（北京-青岛） 21:25 ★直播：天天体育 22:00 ★延播：世界俱乐部杯决赛 00:05 英超（曼城-阿森纳），个个精彩，不容错过！        $LOTOzf$,sports
LK在巴西避暑:提到巴西，大部分人的印象就是足球桑巴亚马逊和暴力。但其实在巴西5500多个城市中稍微危险的可能也就是圣保罗和里约这两个了，其它大多数，都是那般安静普通。我们对世界其实还有太多误解和不理解，也许只有去到那地方让空气触碰肌肤双脚踏在大地，才会切身体会到，其实那不过也$LOTOzf$,sports
【 超给力！免费领取【皙肤泉】袪豆便携装，超实惠!!! 】。。。 http:url.cn/2r5YXE$LOTOzf$,woman
可以直接到编辑部买，地址，北京体育馆路8号，中国体育报业总社院内，后楼51700：羽毛球杂志木有支付宝，木有财付通，在网上订购不支持货到付款么？那么北京哪个实体店有卖12月的《羽毛球》杂志，或者说，能去你们编辑社买不？地址？转发(3)评论(4)12月10日09:17来自新浪微博,sports
 || 国际足球: 阿森纳Arsenal 十分简单的一个传切配合就撕开了对手的防线！CC腾讯体育$LOTOzf$      阿森纳新闻:【进球视频：贝纳永见缝插针 热鸟晃过门将轻松破门】CC英超 国际足球  http:url.cn/21KoWj                收起进球视频：贝纳永见缝插针 热鸟晃过门将轻...,sports
[足球之夜夜视线之辽足亚冠退出后球员的遗憾请登录：::收看$LOTOzf$,sports
淘宝维权 34158 官方网站 www.315pingtai.com$LOTOzf$,woman
2011年羽毛球黄金大奖赛11日12：00直播2011年羽毛球黄金大奖赛韩国站男单、女单、男双、女双、混双决赛及颁奖仪式。:3,sports
CBA风云季钱德勒14+18广厦止2连败 福建残阵创赛季新低  http:url.cn/1eWzE2  (分享自 腾讯体育 )$LOTOzf$,sports
湖北体育李征这个。。。微博上有观众问湖北体育有没有官方微博，他们希望在微博上看到英超转播的预告标签：,sports
回复张超:恭喜你，成为湖南经视《英超足球夜》第三个问题的幸运观众。请中奖观众通过微博私信，将电话号码告诉湖南经视《英超足球夜》，方便我们同您联系中奖事宜张超:我觉得应该是热刺吧2：0了，还不换？湖南经视英超足球夜：今晚12点湖南经视《英超足球夜》为大家带来英超第15轮的直播：斯托克城热刺的比赛，欢迎广大球迷踊跃留言，微博互动转发(5)评论(70)12月11日23:00来自新浪微博标签：$LOTOzf$,sports
今天，姚明召开了新闻发布会，宣布正式退役，结束了自己9年NBA生涯。他被称为中国篮坛历史上最伟大的中锋，在NBA效力期间，对东西方篮球做出卓越贡献的他曾两次登上《时代周刊》亚洲封面，两次被《时代周刊》评为年度世界最具影响力的100人……祝福姚明今后的人生越来越精彩！        $LOTOzf$,sports
费查（弗莱彻）由于溃疡性结肠炎要远离足球，休养一段时间。已经捉襟见肘的曼联中场再遭打击，冬季转会期就要开了，费SIR，还不买中场么？在此祝福费查早日康复，重返赛场，各位红魔，支持费SIR冬季开闸买人么？如果要买，大家有什么心水？曼联中文官方网 曼联新闻        $LOTOzf$,sports
从奇虎社区搜索到360安全卫士，再到360平台，周鸿祎的计划很完美，环环相扣，像一串排布好的多米诺骨牌，只要碰倒了头一张就会不停的连动，一直到终点。他希望这个终点是把红旗插上纽交所。这一天，他期待了很多年。——2011年第7期封面文章《为什么是周鸿祎》http:url.cn/27DNh1$LOTOzf$,literature
体育，也许是我们能带给他们快乐最简单最直接的方式。,sports
亲爱的微友，收藏界杂志至2012年已创刊十周年，现向社会贤达征集美文，内容可以谈谈您与收藏界的故事，也可抒发对收藏界的寄语。字数不限，我们将择优在2012年收藏界刊登。邮箱：126（也可微博留言）丁华标签：,literature
明天下午三点半室内篮球场我们10级年级队与教师队的篮球赛，欢迎到时观战标签：$LOTOzf$,sports
楚天曹磊，在济南奥体中心现场报道2012年伦敦奥运会女足亚洲区预选赛，中国队与韩国队的比赛。目前双方仍未进球，韩国队占据一定优势$LOTOzf$,sports
如今写长篇的作家和过去100年相比，字越码越少。过几天统计一下，书出版得越来越快，字距越来越稀疏。$LOTOzf$,literature
服饰与搭配MERCURYDUO 2012 春夏新品        $LOTOzf$,woman
人民出版社、东方出版社与常春藤正式签署协议，感谢北京团队的努力！$LOTOzf$,literature
今天一单位收到说是人民网的文件，要收39000＋4800元钱。问我是真假，请大家一起鉴别。$LOTOzf$,literature
上品网12月8今日团购69元抢购青葡萄唤醒粉饼21(自然肤色)富含青葡萄精华，有保湿、亮白之功效，为肌肤形成防护膜，还原自然好肤色运用防水配方及智能型平衡油水的粉末，不易脱妆，时刻拥有长效完美的轻透裸妆:,woman
在陪伴母亲病房遗失刚来的看到一半的最新《散文海外选刊》，虽与贵重无关，几天过去，仍心心念念。十多年书报订下来，现在只剩它与《世界文学》每年必订。自认为有它俩及零购的《小说月报》中国当代文学尽收眼中。$LOTOzf$,literature
转发微博分享投资白文涛：《社会契约论》是法国启蒙思想家卢梭于1762年完成。首次提出天赋人权和主权在民，强调国家是自由的人们以平等的资格订立契约产生的，如果国家权力违反公共意志，社会契约就遭到破坏，人民有权决定和变更政府。这部著作被誉为人类解放的第一个呼声，对法国《人权宣言》和美国《独立宣言》产生了重要影响转发(683)评论(134)10月28日21:42来自新浪微博标签：$LOTOzf$,literature
中超联赛年度颁奖典礼开始了,sports
下期《天下足球》特别节目2011大盘点，将为您奉献2011年世界足坛五大巅峰对决+年度百大进球。您认为排名第一的2011年最佳进球是哪一个呢？斯坦科维奇、内马尔、鲁尼还是梅西？        $LOTOzf$,sports
漂亮妈妈5招最简单的方法谨防胸部下垂1在家养一盆绿色植物，润肺又补气；2月经期间别减肥，以免气血失衡；3经常大笑，让胸部充满“膨胀感”；4每天一勺老陈醋，让你气血运行好；5每天呼吸清晨空气，为气血“排毒”。$LOTOzf$,woman
城运会刘鹏颁奖10月24日，第七届全国城市运动会游泳项目男子1500米自由泳颁奖仪式在江西省奥体中心举行，国家体育总局局长刘鹏为冠军得主、宁波选手汪顺颁奖。新华社记者宋为伟摄标签：$LOTOzf$,sports
今日课程孕期瑜伽孕期瑜伽可以增强体力以及肌肉张力增强身体的平衡感提高整个肌肉组织的柔韧度和灵活度。同时刺激控制荷尔蒙分泌的腺体加速血液循环还能够很好地控制呼吸。:,woman
回复Mavs_DN41: 是的，明天11：30广州电视竞赛频道直播LA打比战 Mavs_DN41:快更正！！！是星期二直播！！！ 广州电视竞赛频道篮球特区:回复 bingor-:明天没有，但是星期三早上11：30会直播洛杉矶湖人vs洛杉矶快艇！希望大家可以支持一下！ bingor-:明天早上热火对魔术 有直播嘛？$LOTOzf$  新浪NBA：『湖人再签人顶替奥多姆』墨菲已经同湖人达成了一份1年的合同。 作为一名擅长投射的内线，墨菲上个赛季的表现几乎让人遗忘了他的存在。在新泽西篮网和波士顿凯尔特人之间辗转，仅出场35次，场均只有13.1分钟的上场时间，仅有3.1分和3.2个篮板的表现。墨菲真能恢复往日的雄风吗? http:t.cn/Scgh6N    转发(83)|评论(46)12月18日 09:52 来自新浪微博            ,sports
转发微博。金牛座専属：金牛座的人都真性情爱恨分明总是口是心非。如果吵架没有多想一定下一句话说的比对方更狠更没有退路然后不知道得意个什么。要命的自尊喜欢简简单单就好不喜欢世俗一根筋想问题。开心时候什么都能丢一边不开心时候一句话也不愿意说。可是我爱这个星座下辈子还要做牛牛转发(273)评论(24)12月9日21:53来自皮皮时光机,woman
这年头，为了美丽肌肤，胶原蛋白好重要哦亚洲祛痘中心大连：今天教大家一种补充胶原蛋白的食疗方法哦；1需将黄豆提前浸泡半天，将猪蹄洗净焯水23分后冲洗干净。2锅内下油，待油热时下生姜片、葱段，八角，猪蹄爆炒。3加水没过猪蹄，大火烧开。然后转小火，烧20分钟这样。4加入黄豆大火烧开，加些糖，盐。然后小火慢慢煨了，直到猪蹄烂为止。原文转发原文评论$LOTOzf$,woman
推荐阅读《失控的腾讯帝国》来源《时代周刊》http:url.cn/1wMUQw  杨帆cnBeta$LOTOzf$,literature
 || 国际足球:恭喜巴尔德斯！$LOTOzf$      巴萨直播:【巴塞罗那足球俱乐部 王牌辉煌百场队史第1 里程碑后再冲第7冠】瓜迪奥拉对一项比赛重视与否，看其首发阵容便可知晓十之八九，比如启用巴尔德斯而非平托，便是对阿尔萨德与老帅福萨蒂体现敬意http:url.cn/1s3qjE  巴塞罗那微博群(*45090180),sports
个人认为姚明只是我们中国广大球迷认识和了解NBA的媒介，并不是我们关心和关注NBA的前提条件。没有姚明，还有NBA，没有NBA，还有篮球！$LOTOzf$,sports
呵护头发很重要拉手网女性时尚频道：今日推荐亲，头发也需要卸妆你知道吗？牛尔老师说一定要好好洗头哦，推荐沙宣洗发露。:61原文转发原文评论$LOTOzf$,woman
世界挑战赛泰格伍兹夺冠，虎吼重现，伍兹对新赛季充满信心。原来的老虎回来了。今晚23：30《卫视高尔夫世界周报》，敬请期待标签：$LOTOzf$,sports
听个大文人说：当代诗歌是片沙漠；听个小诗人说：饿死我也不写小说；$LOTOzf$,literature
节目预告：12月18日 09:55武状元-中华武术电视争霸赛 13:30英超（维根竞技-切尔西） 15:20直播世界俱乐部杯三四名决赛 18:40直播体坛资讯 19:28直播中国男子篮球职业联赛（北京-青岛） 21:25直播天天体育 22:00直播世界俱乐部杯决赛 00:05直播英超（曼城-阿森纳）        $LOTOzf$,sports
停摆后，越来越多的球员走向了世界，他们给各国联赛都带来了一股不一样的感觉，外面的世界精彩吗？只有他们自己知道标签：$LOTOzf$,sports
 刚开始看的童鞋各种心痒~~~我承认我就是因为才听说这是一本腐女向小说才开始感兴趣找来看滴~~~~ $LOTOzf$      黑色禁药:盗墓笔记八总算看完了。虽然我对结局还算满意，因为那个真的是对小哥最好的结局了，至少天真跟小哥还能再见面。只是天真送小哥那里，莫名的看哭了。里面没有任何煽情的语句，就只是很普通的叙述故事发展而已。可是很难受，为小哥即将面对的十年，为吴邪的绝望跟无奈····哎，其实三叔还是满后爸的。,literature
2011好书推荐巴菲特全传$LOTOzf$,literature
曾经的中国第一海拔姚明要退下火线，估计即将成为体育明星转型娱乐明星的最成功案例。姚明的球打得怎么样？按照中国球迷的习惯性思维，没拿过总冠军都不算给力。球场以外又做得怎么样呢？负责任的说，行为端正的体育娱乐双栖明星，姚老哥算一个。$LOTOzf$,sports
 梅洁老师着有《大江北去》一书，叙述了鄂西北人民为南水北调付出的巨大牺牲。只是这一切，首都人真的明白吗？$LOTOzf$      汪永晨:下午听梅洁讲的这样一句话让我真想在这里说一说。梅洁说她采访时听南水北调的移民在回答外国记者们采访的问题在时说：我们不搬不行呀，北京人渴着呢，他们没有水喝了。我们牺牲点也不能让首都人喝着呀。,literature
足球如人生$LOTOzf$,sports
全国高校环保微社团行动启动，12月13日，由中国青年报(微博)社和伊利集团共同主办、中国高校传媒联盟(微博)承办的“2011大学生环保论坛暨全国高校环保微社团行动启动仪式”在京举行。，“全国高校环保微社团行动”将以聚合社会资源支持高校环保社团发展为目标长期开展下去，http:url.cn/3TAMEE$LOTOzf$,campus
【嘉人美妆精英学院达人大片侧拍花絮】精彩大片拍摄花絮，快来一起分享吧 http:url.cn/2H2oXD                收起嘉人美妆精英学院达人大片侧拍花絮$LOTOzf$,woman
"世纪大战3：2 皇马胜,C罗2球. 阿隆索1球 卡卡1球1助攻  梅西2球$LOTOzf$",sports
"世界羽联超级系列赛总决赛开幕盛典清晰照片回放 E神陈奕迅在柳州李宁体育馆的场地中央被中国国家羽毛球队队员包围啦，哈哈，不许动，举起话筒来,这个时候,陈医生的话筒去哪啦,大家猜猜? 陈奕迅吧官方微博迅生活陈奕迅歌迷会陈奕迅所长				$LOTOzf$",sports
美丽研究所使用眼霜正确的方法是顺内眼角、上眼皮、眼尾、下眼皮做环形轻轻按摩，让肌肤完全吸收。每次眼霜的用量都不宜太多，眼部皮肤较薄，用得太多不但不能吸收，反而会给眼部肌肤造成负担加速其衰老。正确的用量每次只需用两粒绿豆般大小的眼霜即可。$LOTOzf$,woman
为大家预告12月19日《篮球先锋报》的精彩内容，首先是大海报，今天的主人公就是前不久刚刚宣布退役的布兰登·罗伊。上赛季季后赛，罗伊带伤复出，两个膝盖的半月板几乎磨光，谁能体会到他带着怎样的疼痛走过那一步又一步。如今，他选择离开，可“魂斗罗”会伴随我们继续战斗。他是个男人，更是个斗士。        $LOTOzf$,sports
" || 路过心上的句子: 【最新好女人的标准】1.不拜金2.不抽烟3.小鸟依人(不彪悍,试问有谁会喜欢一个彪悍的女人?)4.能在微博上公布自己男朋友的名字!!5.拒绝任何暧昧!!6.细心!7.少去酒吧,少去夜场!(我相信绝大部分的男人都不喜欢自己喜欢的女人去这些地方的)!8.不喝酒！！有这样的好女人吗?$LOTOzf$      教你做好女人:一个温顺女人变得泼辣，一定是男人不争气，她不得不出头。一个纯洁、清高女人变得恶俗，一定是男人档次不够高。相反，一个平庸女人，变得可爱，眼睛变得灵光，举手投足变得有风度，一定有个好男人。所以男人要知道，女人的美有你一半的功劳，她的丑也有你一半的过错。>>喜欢请收听美丽女人微杂志",woman
分享照片中电信红河分公司与中石化红河石油公司羽毛球友谊赛，我们的团队！$LOTOzf$,sports
我说错了吗？豪门恩怨：阿森纳，7月中旬来我，目前联赛1胜1平3负英超倒数第四名，多次受辱；皇马，8月初来我，目前联赛2胜1平1负西甲第七名，步步惊心；米兰双雄，8月初来我超级杯，目前：AC米兰联赛2平1负意甲倒数第五，大面积伤病。国际米兰联赛1平2负倒数第三，欧冠受辱，主帅不胜下课，球员伤病。$LOTOzf$,sports
今晚19：30，《天下足球》不见不散！$LOTOzf$  -黄小猫-：今晚CCT5 19:30的《天下足球》将由邵圣懿 为您带来，因为段暄同学生病未愈，严重飘扬下刚下火车的邵同学，真是患难时刻见真情啊转发(164)|评论(82)12月5日 16:42 来自新浪微博            ,sports
据介绍，12日下午，丰县首羡镇一辆核载52人的接送学生车辆接送47名首羡镇中心小学学生回家，17时45分许，该车行至张后屯村附近时，车上尚有29名学生，因躲避一辆人力三轮车，车辆发生侧翻滑入路边水沟。        $LOTOzf$,campus
预备队联赛战报：陕西人和客场2比4负于北京国安，16号张成祥、20号朱家伟为陕西人和进球。标签：$LOTOzf$,sports
国外对于学生转学拥有很严格的机制，尤其是英国、澳洲这样以教育为产业的国家，学校在政府那里都有备案，如果学校出现问题，有些学校会主动帮助学生联系转校事宜。$LOTOzf$,campus
2012年起，《现代特殊教育》将扩版增页，新栏目，大容量，大不同，敬请期待！        $LOTOzf$,literature
德甲意甲西甲11日凌晨03:30直播两场意甲（国米佛罗伦萨）、（巴勒莫切塞纳），11日凌晨05:00直播西甲（皇家马德里巴塞罗那），11日21：45同时直播两场意甲（亚特兰大卡塔尼亚）、（卡利亚里帕尔马），11日22:15直播德甲（多特蒙德凯泽斯劳滕）。:3,sports
兵见闻北青网 部分同仁利用中午休息时间开展踢毽运动，一段时间来，参与者日渐增多，值得北青大厦内各单位、部门同仁借鉴。楼下空地和团结湖公园均是开展散步、慢跑、羽毛球等类锻炼活动的好场所，大家行动起来吧！强身健体，着眼长远。binHEX$LOTOzf$,sports
除皱针的主要适应症除皱针主要用于治疗面部皱纹的效果比较好，如鼻背部皱纹、额纹、鱼尾纹、眉间纹，是很多对手术怀有顾虑、不愿意接受手术治疗、因某些问题不适合作手术的人的最好选择，同时还可配合面部除皱术后仍有细小皱纹者。副反应少，安全性高，不需动手术，注射完后即能正常工作和生活。,woman
我在火花网下载了《FACEBOOK效应》，很值得一读。火花网书籍分享 火花hoohua 你可以到这里来下载： http:url.cn/12DHso$LOTOzf$,literature
发表了博文《少年博览低幼版致家长的一封信》好消息好消息，少年博览低幼版要发行啦低幼版是我们为孩子精心打造的缤纷糖果屋，丰富的内容，精彩的画面，甜蜜要不住啦现在，可爱的糖果屋正:标签：,literature
乱世英超东方体育日报：英超食物链一物降一物切尔西击败曼城的结果，非但消灭了最后一支在英超保持不败纪录的球队，与此同时，也让英超积分榜前列出现了一条有趣的“食物链”。如果仔细分析这些强队之间的相互胜负，会发现存在着明显的“相生相克”关系。:52转发(36)评论(4)12月14日16:23来自新浪微博标签：$LOTOzf$,sports
腾讯直击我爱英超【腾讯土航携手梦剧场之旅 最佳位置赏酣畅狂胜】腾讯体育记者受土耳其航空邀请，于北京时间12月23日晚从北京出发，途径伊斯坦布尔中转，当地时间24日上午10点30分准时抵达曼彻斯特。 由此，开启了梦剧场之旅。http:url.cn/3LetMS  腾讯体育 国际足球 英超 曼联微博群(*56100265)$LOTOzf$,sports
亲们，起到今天中午的第二届“绿源”涉外杯篮球赛的决赛啊！是自然体验还是志愿者呢？冠军到底花落谁家？让我们拭目以待吧！$LOTOzf$,sports
组图：金妍儿黑丝亮相热心公益 OL套装透成熟 http:url.cn/1bNQDP  (分享自 腾讯体育 )$LOTOzf$,sports
在2009“浩沙杯”全国万人健美操大赛云南赛区，一支具有浓郁民族特色的队伍在众多的参赛队伍中脱颖而出，一群象月亮一样美丽的女孩身着佤族风格服装一登场即赢得掌声一片，而整套动作的编排也一样佤味十足，激情四射；姑娘们说，她们不仅要宣传全民健身概念，更是希望借助本次活动将佤族文化推向世界。        $LOTOzf$,sports
2011年3月25日，东方体育中心今天迎来了第14届国际泳联世界锦标赛水球、花样游泳、跳水测试赛三个项目的测试赛。$LOTOzf$,sports
孙杨爱哭几乎成了他的标志性符号，在国际泳坛都享有盛名。这是否是中国菲尔普斯的成功基因密码？标签：$LOTOzf$,sports
推荐。马汝军：我们的百科全书“一直被模仿从未被超越”你肯定看过恐龙书，但绝不会比这本逼真你肯定看过太空书，但绝不会比这本更震撼2011年度圣诞、新年大礼中国大百科全书出版社与英国公司联手打造的儿童顶级百科全书《儿童太空百科全书》《儿童恐龙百科全书》，即将问世，敬请关注转发(283)评论(158)12月13日11:53来自新浪微博标签：$LOTOzf$,literature
 || 腾讯体育: 祝巴萨生日快乐！！cc梅西 伊涅斯塔 国际足球 拉马西亚扫地僧 滨岩 苏醒AllenSu$LOTOzf$      比利亚:明天就是伟大的巴塞罗那俱乐部112周年的生日，虽然没能用一场胜利为他送上祝福，但我们依旧会努力让巴塞罗那成为全世界最好的俱乐部！ [译],sports
【育碧25年为国人定制 首款网游《全民足球》发布】哈又混去发布会玩了哈~小孽太口爱了~那童颜啊！！！嫩！ http:url.cn/1L4JqZ$LOTOzf$,sports
接下来是12月12日《篮球先锋报》的封面故事迈阿密，风云再起。上赛季热火三巨头已经杀进了总决赛，而本赛季，他们的目标除了冠军就还是冠军。新赛季热火将有怎样的表现，我们拭目以待。,sports
足球报报道全国校足办在亚足联教练日精英教练进校园义务执教活动，足球教练张增群、朱波走进深圳宝安东方小学执教。http:url.cn/0jvYS ，http:url.cn/2h00SA ，蒋万鹏 中国校园足球官网 曾丹$LOTOzf$,sports
天然就这样一直美下去朵而紧致无暇精华液源源不断提供肌肤所需养分，以天然植物精粹滋养美肌，天然原油清除自由基，还原皮肤沉积色素，淡化斑点。天然库拉索芦荟精华，小分子透明质酸，强效补水，收缩毛孔，养出莹润水嫩美肌。:60$LOTOzf$,woman
“安踏2011体坛风云人物年度评选”提名奖揭晓仪式昨天进行，其中孙杨、张继科等五名选手获得最佳男运动员奖提名，李娜、李艳凤等5人获得最佳女运动员奖提名。稍后播出的《体育晨报》将为您详细解读这份最佳男女运动员名单。标签：$LOTOzf$,sports
转发微博中国国家地理图书：书讯《它们曾经征服了世界中国清代外销瓷集锦》作者：胡雁溪曹俭，16开400页硬封精装2010年2月定价280元。本书用数万字的详实资料和400余件套精美标本，使中国外销瓷荣归故里，为读者展现了曾经的辉煌，具有典藏价值。适于喜爱瓷器收藏鉴赏、对中国传统文化艺术感兴趣的广大读者阅读。转发(59)评论(15)今天14:24来自新浪微博,literature
找个机会学游泳。。$LOTOzf$,sports
http:url.cn/0CGKEm 美化人生 水宝宝 欧莱雅 AA网 兰芝  雅诗兰黛$LOTOzf$,woman
襄樊学院大量招纳优秀博士研究生人才，需求：数计学院、物电学院机械与汽车学院建筑工程学院化学与食品学院 共23名博士人才需求。教师岗位：教授、博士毕业生 待遇：、安家费：国内教授、博士研究生文、理科8万元、工科10万元 详情 http:url.cn/2JK9iH   点击查看$LOTOzf$,campus
李艳凤受重点保护瞄准奥运金牌大姐大不惧三劲敌:（分享自新浪体育）标签：$LOTOzf$,sports
希望大家多多阅读杂志上的连载，虽然每期只有半版，但内容非常有趣，值得喜爱日本音乐的各位去关注唷。另外关于这个栏目各位有什么感想和建议，可以在本条微博下面留言藤原育郎：雑誌連載記事書。现在有在《轻音乐》杂志上发表连载。转发(7)评论(2)12月6日15:29来自新浪微博,literature
《电子游戏软件》第308期9月16日起，全国陆续上市,literature
2011年是《安邸》杂志创刊成功，并茁壮成长的一年感谢读者及网友们的支持，我们将以拥有更加高品质内容的杂志回馈大家各位朋友，用一句话总结下你的2011年吧悦己网：有奖转发用一句话总结你的2011年活动玩法1：关注悦己网和2：转发微博，用成语，诗歌，歇后语，咆哮体等各种形式，总结下你的2011年，我们会从中选出写的最有意思的5位朋友，送出由提供的价值1298元的丝巾一条。（悦己网快乐由自己美丽身心灵）转发(45)评论(30)12月12日16:10来自新浪微博标签：$LOTOzf$,literature
直播贴阿内尔卡正式加盟申花，最现场连线申花新闻官带来第一手消息，上海男篮2分惜败惨遭4连败，北京延续不败战绩欧洲足坛激战正酣，米兰被弱旅逼平，拜仁重夺联赛榜首风云变幻，霍华德要求离队，湖人退出三方交易更多内容请听11:00的《990体育新闻》934:,sports
公告经小编和商户沟通，此次活动送出的卡仅限上海地区方可使用，其他城市暂不能使用。所以给各位中奖的亲们造成麻烦，忘多多见谅和谅解请及时私信给到小编，小编也将尽快和大家联系品位杂志：圣诞节？元旦？春节？进入十二月后节日接踵而来，爱美的你为节日做好充分准备了吗？即刻起关注成为品位杂志的粉丝转发并5位新好友就有机会得到欧亚美创纤瘦店卡一张，凭此卡惠顾美容美体疗程可做1000元现金使用心动就赶快参与吧:转发(50)评论(21)12月6日15:53来自微活动关注标签：$LOTOzf$,woman
2011好书推荐没看什么好书。都是各种闲书。$LOTOzf$,literature
今天出牌机脑袋很冷静，干爹队两大影帝发挥了几次演技都没上当，这才是足球$LOTOzf$,sports
